,yummy,convenient,spicy,fattening,greasy,fast,cheap,tasty,expensive,healthy,disgusting,Like,Age,VisitFrequency,Gender
0,0,1,0,1,0,1,1,0,1,0,0,-3,61,Every three months,Female
1,1,1,0,1,1,1,1,1,1,0,0,+2,51,Every three months,Female
2,0,1,1,1,1,1,0,1,1,1,0,+1,62,Every three months,Female
3,1,1,0,1,1,1,1,1,0,0,1,+4,69,Once a week,Female
4,0,1,0,1,1,1,1,0,0,1,0,+2,49,Once a month,Male
5,1,1,0,1,0,1,1,1,0,0,0,+2,55,Every three months,Male
6,1,1,1,1,0,1,0,1,1,1,0,+2,56,Every three months,Female
7,1,1,0,1,1,1,1,1,0,0,0,+5,23,Once a week,Female
8,0,0,0,1,1,0,0,0,1,0,1,-5,58,Once a year,Male
9,1,1,0,1,1,1,0,1,1,0,0,+1,32,Every three months,Female
10,0,1,0,1,0,1,1,0,0,0,1,-2,53,Every three months,Female
11,1,1,0,1,1,1,0,1,1,0,1,+3,28,Once a month,Male
12,0,1,0,1,0,1,1,0,0,0,0,0,65,Every three months,Male
13,1,1,0,1,0,1,0,1,1,1,0,+5,54,Once a month,Male
14,0,1,0,1,0,1,0,0,1,0,0,-3,67,Once a month,Male
15,1,1,0,1,0,1,1,1,0,0,0,+3,51,Once a month,Male
16,1,1,0,1,1,1,1,1,0,0,0,0,34,Once a month,Female
17,1,1,0,0,1,1,0,1,0,0,0,+2,31,Once a month,Male
18,0,0,0,1,1,1,1,0,1,0,1,-4,47,Every three months,Female
19,1,1,0,1,1,1,0,1,1,0,1,+5,37,More than once a week,Male
20,1,1,0,1,1,1,0,1,1,0,1,+2,41,Once a year,Female
21,1,1,0,1,0,1,1,1,1,0,0,+2,36,Once a month,Male
22,1,1,1,1,1,1,1,1,1,0,1,-2,23,Once a week,Female
23,1,1,1,1,0,1,0,1,1,0,0,+5,50,More than once a week,Female
24,1,1,0,1,0,1,1,1,0,1,0,+2,39,Every three months,Female
25,1,1,0,1,1,1,1,0,1,0,0,0,35,Every three months,Female
26,1,1,0,1,1,1,1,1,0,0,1,0,20,Every three months,Male
27,0,1,0,1,1,1,0,1,0,1,0,0,34,Once a month,Female
28,0,1,0,0,0,1,0,0,0,0,0,0,55,Every three months,Male
29,1,1,0,1,0,1,1,1,0,1,0,+3,24,Every three months,Female
30,1,1,0,1,1,1,1,1,0,0,0,+3,44,Once a month,Male
31,0,1,0,0,0,1,1,1,0,1,0,+3,40,Once a month,Female
32,1,1,0,1,1,1,1,1,0,0,0,+1,55,Once a month,Male
33,0,1,0,1,1,1,1,0,0,0,1,-4,37,Never,Male
34,1,1,0,1,0,1,1,1,0,1,0,+4,48,Once a week,Male
35,0,1,0,1,1,1,1,0,0,0,1,-2,54,Every three months,Female
36,1,1,0,1,0,1,1,1,0,1,0,+3,38,Every three months,Female
37,0,1,0,1,1,1,1,0,0,0,1,-5,49,Every three months,Female
38,0,0,0,1,1,1,1,0,0,0,1,-4,35,Never,Female
39,0,0,0,1,1,1,0,0,1,0,1,-4,55,Once a year,Male
40,1,0,0,1,0,0,0,1,1,0,0,+2,31,Once a year,Male
41,1,1,0,1,0,1,1,1,0,1,0,+3,57,More than once a week,Male
42,1,1,1,1,0,1,1,1,0,1,0,+4,69,More than once a week,Male
43,1,1,0,1,0,1,0,1,0,0,0,+3,37,Every three months,Female
44,0,1,0,1,1,1,1,0,0,0,1,-5,60,Never,Male
45,1,1,1,1,1,1,1,1,1,1,1,+2,36,Once a month,Male
46,0,1,0,0,0,1,0,1,0,1,0,+1,54,Every three months,Male
47,1,1,0,1,0,1,0,1,1,0,0,+4,66,Once a month,Male
48,1,1,0,1,0,1,1,1,0,0,0,0,32,Once a month,Female
49,1,1,0,1,1,1,1,1,0,0,0,+2,67,Once a year,Male
50,0,1,1,1,1,1,0,0,1,0,1,-4,42,Once a week,Female
51,1,1,0,1,1,1,1,0,0,0,0,+2,26,Once a month,Female
52,1,1,0,1,1,1,0,1,1,0,0,+1,58,Once a year,Female
53,0,1,0,1,0,1,0,0,1,0,1,-5,48,Once a month,Male
54,1,1,0,0,0,1,1,1,0,1,0,+4,54,Once a month,Female
55,0,1,0,1,0,1,1,1,0,0,0,0,62,Once a year,Male
56,0,1,0,1,1,1,1,0,0,0,1,-4,52,Once a year,Female
57,0,1,0,1,1,1,1,0,0,0,0,0,53,Every three months,Male
58,1,1,0,1,0,1,1,1,0,0,0,+4,47,More than once a week,Male
59,1,1,0,1,1,1,1,1,0,0,0,+5,26,Once a month,Female
60,1,1,0,1,1,1,0,1,0,0,0,+5,29,Once a week,Female
61,1,1,0,1,1,1,1,1,0,1,0,+3,24,Once a week,Male
62,1,1,0,1,0,1,1,1,0,1,0,+5,25,Once a week,Female
63,0,1,0,1,1,1,0,0,1,0,0,0,54,Once a month,Male
64,1,1,0,1,1,1,1,1,0,0,0,+4,23,Once a month,Female
65,0,0,0,1,0,1,0,0,1,0,1,0,34,Never,Female
66,0,1,0,0,0,0,0,0,1,0,0,+1,47,Every three months,Male
67,1,1,1,1,1,1,1,1,1,1,1,+3,22,Once a week,Male
68,0,1,0,1,0,1,1,1,0,1,0,0,47,Once a year,Male
69,1,1,0,1,0,1,1,1,0,0,0,+4,56,Once a month,Male
70,0,1,0,1,0,1,1,0,0,1,0,-1,55,Every three months,Male
71,1,1,0,0,0,1,1,1,0,1,0,+3,56,Every three months,Female
72,0,1,0,1,0,0,0,1,1,0,0,0,56,Every three months,Female
73,0,1,0,1,1,1,1,1,0,0,0,+2,37,Every three months,Female
74,1,1,0,0,0,1,1,1,0,1,0,+5,50,Once a week,Female
75,0,1,0,1,1,0,0,0,1,0,1,-1,40,Every three months,Male
76,1,1,0,1,0,1,1,1,0,0,0,+4,61,Once a week,Male
77,0,1,0,1,0,1,0,0,1,0,0,-2,55,Every three months,Male
78,1,1,1,1,1,1,0,1,1,0,0,-1,45,Once a year,Female
79,1,1,0,0,0,1,1,1,0,1,0,+1,42,Once a month,Male
80,0,1,0,1,1,1,0,0,0,0,1,+2,52,Every three months,Male
81,0,1,0,1,0,1,1,1,0,0,0,+2,58,Once a year,Female
82,0,1,0,1,0,1,1,1,0,0,0,+1,48,Once a month,Male
83,1,1,0,0,0,1,1,1,0,1,0,+3,58,Once a week,Male
84,0,0,0,1,1,1,0,1,1,0,0,-3,18,Once a year,Male
85,1,1,0,0,0,1,1,1,0,0,0,+4,68,Once a month,Female
86,1,1,0,1,1,1,1,1,1,0,1,+1,49,Once a month,Female
87,0,1,0,1,1,0,0,1,1,0,0,-5,50,Once a week,Female
88,1,1,0,1,0,1,0,1,1,0,0,+2,43,Every three months,Female
89,1,1,1,1,0,1,1,1,1,0,0,+4,67,Every three months,Male
90,1,1,0,1,0,1,1,1,0,0,0,+1,40,Once a week,Female
91,1,1,0,1,1,1,1,1,0,0,1,-5,35,Never,Male
92,0,0,0,1,1,0,0,0,1,0,1,-5,42,Every three months,Female
93,0,1,0,1,0,1,1,1,0,0,0,+2,41,Every three months,Female
94,1,1,0,1,1,1,1,1,0,1,0,+4,32,Once a month,Male
95,1,1,0,1,1,1,0,1,0,0,0,+3,21,Once a month,Female
96,0,1,0,1,1,1,1,1,0,0,0,+4,56,Once a week,Female
97,0,1,0,1,1,1,0,0,0,0,0,+2,27,Every three months,Male
98,0,1,0,1,1,1,0,0,1,0,0,0,48,Once a year,Female
99,1,1,0,1,0,1,1,1,0,0,0,+2,32,Once a week,Male
100,0,1,0,1,1,1,1,0,0,0,0,+3,50,Once a month,Male
101,1,1,0,1,1,1,0,1,1,0,0,+2,42,Once a year,Female
102,1,1,1,1,1,1,1,1,1,1,1,+5,35,More than once a week,Male
103,1,1,1,1,0,1,1,1,0,0,0,+4,57,Once a month,Female
104,1,1,0,1,0,1,0,1,0,0,0,+3,68,Once a month,Male
105,0,1,0,1,0,1,0,0,1,0,0,+3,51,Once a month,Female
106,1,1,0,1,1,0,0,1,1,0,1,-2,42,Every three months,Female
107,0,1,0,1,0,0,0,0,0,0,0,0,44,Every three months,Female
108,1,1,0,1,0,1,1,1,0,0,0,+2,57,Once a year,Female
109,0,1,0,1,1,1,1,0,0,0,0,+2,56,Once a year,Female
110,0,1,1,1,0,0,0,0,0,0,0,-2,57,Every three months,Female
111,1,1,0,0,0,1,0,1,1,1,0,+5,33,Once a week,Female
112,0,0,0,1,1,0,0,0,1,0,1,-3,63,Every three months,Male
113,1,1,0,1,0,1,0,1,1,0,0,+2,55,Once a month,Male
114,0,1,0,1,1,0,0,0,1,0,0,0,39,Every three months,Female
115,0,1,0,1,0,1,1,0,0,0,0,-3,65,Never,Male
116,1,1,1,1,1,1,1,1,0,1,0,+4,47,Once a week,Female
117,1,1,0,1,0,1,1,1,0,1,0,+1,37,Every three months,Female
118,0,1,0,1,1,1,1,0,0,0,1,-1,22,Once a year,Male
119,0,1,0,1,1,1,1,0,0,0,0,-2,51,Every three months,Male
120,1,1,0,0,0,1,1,1,0,1,0,+5,24,Once a month,Female
121,1,1,1,1,1,1,1,1,1,0,0,+1,49,Once a month,Female
122,1,1,0,1,0,1,0,1,1,1,0,+5,55,Once a month,Female
123,0,1,0,1,0,1,1,0,0,0,1,-5,48,Once a year,Male
124,1,1,0,1,1,1,1,1,0,0,0,+3,24,Every three months,Female
125,0,1,0,1,0,1,0,1,1,0,0,-2,47,Every three months,Male
126,0,1,0,1,0,1,1,0,0,0,1,-4,54,Once a year,Male
127,1,1,0,1,0,1,1,1,0,0,0,+4,23,Once a week,Female
128,0,1,0,1,1,1,1,0,0,1,0,+1,34,Every three months,Female
129,1,1,0,1,1,1,1,1,0,0,1,+3,32,Once a month,Female
130,0,1,0,0,0,1,1,0,0,0,0,+3,58,Once a month,Female
131,0,1,0,1,0,1,0,0,1,0,0,0,46,Once a year,Female
132,1,1,0,1,0,1,1,1,0,0,0,0,23,Every three months,Female
133,1,1,0,1,1,1,1,1,0,0,0,+1,31,Once a month,Male
134,0,1,0,1,1,1,1,1,0,0,0,0,59,Once a year,Male
135,0,1,1,1,1,1,0,0,1,1,0,0,47,Once a month,Male
136,1,1,0,1,0,1,1,1,0,0,0,+3,58,More than once a week,Female
137,1,1,0,1,0,1,1,1,0,0,0,+4,55,Every three months,Male
138,1,1,0,1,1,0,1,1,0,0,0,+4,62,Once a month,Female
139,1,1,0,1,1,1,1,1,0,0,0,+2,20,Once a month,Male
140,0,1,0,1,0,1,1,1,0,0,0,0,42,Every three months,Male
141,0,1,0,1,1,1,1,0,0,0,1,-3,29,Once a month,Male
142,0,1,0,1,0,1,0,0,1,0,0,+1,63,Once a month,Male
143,0,1,0,1,1,1,1,1,0,0,1,+2,26,Once a week,Male
144,1,0,0,1,1,1,1,1,0,0,0,+5,19,Once a month,Female
145,1,1,0,1,0,1,1,1,0,0,0,+1,61,Once a year,Female
146,1,1,0,1,1,1,0,1,1,0,0,+5,19,Once a week,Male
147,1,1,0,1,0,1,0,1,1,1,0,+4,56,Once a month,Female
148,0,1,0,1,1,1,0,0,1,0,1,-4,39,Once a year,Female
149,1,1,0,1,1,1,0,1,1,0,0,0,45,Once a month,Male
150,0,0,0,1,1,0,0,0,1,0,1,-5,52,Once a year,Male
151,1,1,0,0,0,1,1,1,0,1,0,0,42,Once a month,Female
152,1,1,0,1,1,1,0,1,1,0,0,+3,47,Once a month,Female
153,1,1,0,1,0,1,1,1,0,0,0,+5,22,Once a week,Female
154,1,1,1,1,1,1,1,1,0,0,0,+2,63,Once a month,Male
155,1,1,0,1,1,1,1,1,0,0,0,+5,65,Every three months,Female
156,0,1,0,0,0,1,1,1,0,0,0,+1,63,Every three months,Male
157,1,1,0,1,1,1,0,1,1,0,0,+3,25,Once a month,Male
158,1,1,0,1,1,1,0,1,1,0,0,+1,62,Once a year,Male
159,0,1,0,1,1,0,1,0,0,0,0,0,59,Once a year,Female
160,0,1,0,1,1,1,1,1,0,0,0,+1,67,Once a year,Male
161,0,0,0,1,1,1,0,0,1,0,1,-5,60,Never,Male
162,1,1,0,0,0,1,1,1,0,1,0,+4,69,Once a week,Male
163,0,0,0,1,1,1,0,0,1,0,1,-5,40,Never,Male
164,1,1,0,0,0,1,1,1,0,1,0,+2,67,Once a year,Male
165,1,1,0,0,0,1,1,1,0,1,0,+2,37,Every three months,Female
166,0,1,1,0,1,1,0,0,1,0,0,-4,65,Every three months,Male
167,1,1,0,1,0,1,0,1,1,0,0,+3,64,Once a month,Female
168,1,1,0,1,0,1,1,1,0,0,0,+4,57,Once a month,Female
169,1,1,0,1,1,1,0,1,1,1,0,+5,37,Once a week,Male
170,1,1,0,1,1,1,0,1,1,1,0,+2,39,Once a month,Female
171,1,1,0,1,0,1,0,1,0,0,0,+1,64,Every three months,Male
172,1,1,0,1,1,1,1,1,0,0,1,-2,23,Once a year,Male
173,1,0,1,1,1,1,1,0,0,0,1,+2,50,Once a week,Female
174,0,1,0,1,1,1,0,0,1,0,1,-4,60,Every three months,Male
175,0,1,0,1,1,1,0,0,1,0,1,-2,32,Once a year,Male
176,0,1,0,1,1,1,1,0,0,0,1,-5,59,Never,Female
177,0,0,0,1,0,1,0,0,1,0,1,-2,37,Once a month,Male
178,1,1,0,1,1,1,0,1,0,1,0,+3,25,More than once a week,Female
179,0,1,0,0,0,1,0,0,0,0,0,+3,55,Once a month,Male
180,0,1,0,1,1,1,0,1,1,0,1,-2,25,Once a month,Male
181,0,1,0,0,0,1,1,0,0,1,1,-3,35,Once a year,Female
182,0,0,1,1,1,1,1,0,0,0,1,-4,58,Never,Female
183,0,1,0,1,1,1,1,0,0,0,1,-5,32,Never,Male
184,1,1,0,1,1,1,1,1,1,0,1,-5,45,Never,Female
185,0,1,0,1,0,1,0,0,1,0,0,-3,60,Once a year,Female
186,0,1,0,1,0,1,1,1,0,0,0,+3,59,Once a year,Male
187,0,1,0,1,0,1,1,0,0,0,0,0,36,Once a month,Female
188,0,1,0,1,1,1,1,0,0,0,1,0,55,Once a year,Male
189,1,1,0,1,0,1,1,0,0,0,0,+1,55,Every three months,Female
190,1,1,0,1,0,1,0,1,1,0,0,+3,22,Once a month,Female
191,1,1,0,1,1,1,1,1,0,0,0,+3,21,Once a week,Female
192,1,1,0,1,1,1,1,1,0,0,0,+1,62,Once a week,Male
193,1,1,0,1,1,1,1,1,0,0,0,+3,29,Once a month,Male
194,1,1,0,1,1,1,1,1,0,1,0,+1,36,Once a month,Female
195,0,1,0,1,1,1,0,0,0,0,0,0,44,Once a year,Male
196,0,1,0,1,1,1,1,0,0,0,0,+2,47,Once a year,Female
197,0,0,0,1,1,0,0,0,1,0,1,-5,57,Once a year,Female
198,0,1,0,1,0,1,1,1,0,0,0,+1,23,Once a year,Female
199,1,1,0,1,1,1,1,1,0,0,0,+5,31,Once a week,Female
200,1,1,0,0,0,1,1,1,0,1,0,+4,70,More than once a week,Female
201,1,1,1,1,0,1,1,1,0,1,0,+5,24,Once a week,Male
202,0,1,0,1,1,1,0,1,1,0,0,+3,27,Every three months,Male
203,0,1,0,1,1,1,1,0,0,0,1,-5,58,Never,Female
204,0,1,1,1,0,1,1,0,0,0,0,+2,51,Once a week,Male
205,0,0,0,1,1,0,0,0,1,0,1,-2,36,Every three months,Male
206,0,1,0,1,0,1,1,1,0,0,0,0,36,Once a month,Female
207,0,0,1,1,1,1,0,0,1,0,1,0,43,Every three months,Male
208,0,1,1,1,1,0,0,0,1,0,1,-3,64,Never,Male
209,0,1,0,1,0,1,0,0,1,0,1,-3,52,Once a month,Male
210,0,1,0,1,0,1,1,1,0,0,0,+1,53,Never,Male
211,0,1,0,1,1,1,0,0,1,0,1,-5,52,Never,Female
212,1,1,1,1,1,1,1,1,0,0,0,+3,33,Once a week,Female
213,1,1,0,1,1,1,1,1,0,0,0,+5,24,Once a week,Male
214,1,1,0,0,0,1,0,1,0,0,0,+4,64,Once a month,Female
215,1,1,1,1,1,1,0,1,1,1,1,+3,41,Once a month,Male
216,0,0,0,1,1,0,1,0,0,0,1,-5,56,Once a year,Female
217,1,1,0,1,0,1,1,1,0,1,0,+4,49,Once a month,Female
218,1,0,0,1,1,1,0,1,1,0,0,-1,24,Once a year,Female
219,0,1,0,1,0,1,1,0,0,0,0,+2,62,Every three months,Female
220,0,1,0,0,0,1,1,1,0,0,0,0,56,Every three months,Male
221,1,1,0,1,1,0,0,1,0,0,0,+3,67,Every three months,Male
222,1,1,0,1,0,1,1,1,0,0,0,+3,27,Once a month,Male
223,0,1,0,1,0,1,0,0,1,0,1,-4,53,Once a year,Male
224,1,1,1,1,0,1,1,1,0,1,1,-4,60,Once a year,Female
225,0,1,0,1,1,1,1,1,0,0,0,0,51,Once a year,Female
226,0,1,1,1,1,1,0,1,1,0,0,-5,67,Once a year,Female
227,1,1,0,1,0,1,1,1,0,0,0,+3,27,Once a month,Female
228,0,1,0,1,1,1,0,0,1,0,0,0,56,Every three months,Male
229,1,1,0,1,1,1,1,1,0,0,0,+4,39,Once a month,Male
230,1,1,0,1,0,1,1,1,0,0,0,+4,35,Once a week,Female
231,1,1,0,1,1,1,1,1,0,0,0,+2,68,Once a month,Female
232,1,1,0,0,1,1,1,1,0,1,0,+5,57,Once a week,Female
233,0,1,0,1,1,1,1,0,0,0,1,-5,50,Never,Female
234,1,1,0,0,0,1,1,1,0,1,0,+3,64,Once a month,Female
235,0,1,0,1,0,1,1,0,0,0,0,-3,66,Once a week,Female
236,1,1,1,0,0,1,1,1,0,1,0,+5,27,More than once a week,Male
237,0,0,0,1,0,1,0,0,1,0,1,-5,70,Never,Male
238,0,1,0,1,1,0,1,1,1,0,0,-1,51,Once a month,Male
239,1,1,0,1,0,1,1,1,0,0,0,0,60,Once a year,Female
240,0,0,0,1,0,1,0,0,1,0,1,-4,49,Once a year,Female
241,0,1,0,1,1,1,1,0,0,0,1,-5,54,Never,Female
242,0,0,0,1,1,1,0,0,1,0,1,-5,58,Never,Female
243,0,0,0,0,0,1,1,0,0,0,0,-3,70,Once a month,Female
244,1,1,0,0,0,1,0,1,1,0,0,+3,59,More than once a week,Male
245,0,1,0,1,0,1,1,0,0,1,0,+1,54,Once a year,Female
246,0,1,1,0,1,1,0,0,1,0,0,-3,52,Every three months,Female
247,1,1,0,1,1,1,1,1,0,1,0,+4,22,Once a week,Female
248,1,1,0,1,1,1,0,1,1,0,0,+3,53,Every three months,Female
249,1,1,0,0,0,1,1,1,0,1,0,+5,69,More than once a week,Female
250,0,1,1,1,1,1,0,0,1,0,1,+1,20,Every three months,Male
251,1,1,1,1,0,1,1,0,0,0,0,+3,66,Once a month,Female
252,1,1,0,1,0,1,1,1,0,0,0,+5,25,More than once a week,Female
253,1,1,0,1,1,1,0,1,1,0,0,+5,31,Once a week,Female
254,1,1,0,1,0,1,1,1,0,1,0,+1,67,Once a month,Female
255,1,1,1,1,0,1,1,1,0,0,0,+3,56,Once a month,Female
256,0,1,0,1,1,1,1,1,0,0,0,+1,48,Once a year,Female
257,0,1,0,1,0,1,1,0,0,0,0,-1,54,Every three months,Female
258,1,1,0,0,0,1,1,1,0,1,0,+5,58,Once a month,Male
259,1,1,0,1,0,1,1,1,0,0,0,+3,42,Once a week,Female
260,1,1,0,1,0,1,0,1,0,0,0,+4,38,Once a week,Female
261,0,1,0,1,1,1,1,1,0,1,0,+2,28,Every three months,Male
262,1,1,0,1,0,1,0,1,1,0,0,+3,47,Once a week,Female
263,0,0,0,1,1,1,1,0,0,0,0,0,49,Once a year,Male
264,0,1,0,1,1,1,1,1,0,0,1,0,40,Every three months,Female
265,0,0,0,1,1,1,0,1,1,1,1,0,31,Once a week,Male
266,0,1,1,1,1,1,1,0,0,0,0,-5,50,Never,Male
267,1,0,1,1,0,1,1,1,0,0,0,-1,69,Once a year,Female
268,1,1,0,1,0,1,1,1,0,1,0,+4,40,Once a month,Female
269,1,1,0,1,1,1,1,1,0,0,1,+5,30,Once a month,Male
270,0,1,0,1,1,1,1,1,0,0,1,-3,44,Once a year,Male
271,1,1,0,1,1,1,0,1,1,0,0,+3,32,Once a month,Male
272,1,1,0,1,0,1,1,1,0,0,0,+3,67,Once a week,Male
273,1,1,0,1,1,1,1,1,0,0,0,+5,18,Once a week,Female
274,0,1,0,1,1,1,1,0,0,0,0,-3,27,Once a year,Female
275,0,1,0,1,1,1,0,0,1,0,0,-1,61,Once a year,Female
276,0,1,0,1,0,1,1,0,0,0,0,-4,47,Once a year,Male
277,1,1,0,1,1,1,1,1,0,0,0,-4,20,Every three months,Male
278,1,1,0,1,1,1,1,1,0,0,0,+4,26,Once a week,Male
279,0,1,0,1,0,1,1,0,0,0,0,-4,65,Once a year,Female
280,0,0,1,1,1,0,0,0,1,0,1,-5,64,Never,Male
281,1,1,0,1,1,1,1,1,0,1,0,+5,20,Once a week,Male
282,1,1,0,1,1,0,0,1,1,0,0,+2,29,Once a month,Female
283,1,1,1,1,1,1,0,1,1,0,0,+2,45,Once a month,Female
284,1,0,0,1,0,1,1,1,0,0,0,0,31,Once a year,Female
285,1,1,0,1,1,1,1,1,0,0,0,+5,41,Once a week,Female
286,0,0,0,1,0,1,0,0,1,0,0,-5,61,Never,Female
287,0,0,0,1,1,1,0,0,1,0,1,-5,69,Never,Female
288,0,1,0,1,1,1,1,0,0,0,1,+1,28,Once a month,Male
289,0,1,0,0,0,1,0,0,0,0,0,+3,68,Once a month,Male
290,0,0,0,1,0,1,1,0,0,0,0,-4,60,Never,Male
291,1,1,0,1,1,1,0,1,0,0,0,0,56,Once a year,Female
292,0,1,0,1,0,1,0,0,1,0,0,0,61,Once a year,Female
293,0,1,1,1,1,1,0,1,1,0,0,0,61,Once a week,Male
294,0,1,0,1,0,1,1,0,0,0,0,-4,63,Once a year,Male
295,0,1,0,1,0,1,1,1,0,0,0,+3,40,Once a month,Female
296,0,1,0,1,1,1,1,1,0,1,0,-1,36,Every three months,Male
297,1,1,0,1,1,1,1,0,0,0,0,+1,30,Once a month,Female
298,1,1,0,1,0,1,0,1,1,0,0,+4,32,Once a month,Female
299,1,1,0,0,0,1,0,1,1,1,0,+5,37,More than once a week,Male
300,1,1,0,1,0,0,1,1,0,1,0,+3,61,Once a week,Male
301,1,1,0,1,1,1,0,1,1,0,0,+3,34,Once a month,Female
302,1,1,0,1,1,1,0,1,1,0,0,+1,24,Once a month,Male
303,1,1,0,1,1,0,0,1,1,0,0,+1,39,Once a month,Male
304,0,1,0,1,0,1,0,1,1,0,0,0,50,Every three months,Male
305,1,1,0,1,0,1,0,1,1,1,0,+1,46,Once a month,Male
306,1,1,0,1,0,1,0,0,1,0,0,+2,43,Once a month,Female
307,1,1,0,1,0,1,1,1,0,0,0,+4,36,Once a month,Male
308,1,0,0,0,1,0,0,1,1,0,1,-5,26,Once a week,Male
309,1,1,0,1,0,1,1,1,0,1,0,+2,32,Once a month,Female
310,0,0,0,1,1,0,0,0,1,0,1,-5,50,Never,Female
311,0,1,0,1,1,1,1,0,0,0,0,-2,56,Once a year,Female
312,1,1,0,1,0,1,1,1,0,0,0,+3,57,Every three months,Female
313,1,1,0,1,1,1,1,1,0,0,0,-1,25,Once a year,Male
314,0,1,0,1,1,1,1,1,0,0,0,-1,47,Once a month,Female
315,1,1,0,1,0,1,0,1,1,0,0,0,32,Once a year,Male
316,1,1,0,1,0,1,1,1,0,1,0,+3,32,Once a week,Female
317,0,1,0,1,1,1,1,1,0,1,0,0,57,Every three months,Female
318,1,1,0,1,1,1,1,1,0,0,0,+5,42,Once a week,Male
319,0,1,0,1,0,1,1,0,0,0,0,+2,31,Once a week,Male
320,0,0,0,1,1,1,0,0,1,0,1,-3,37,Once a year,Female
321,1,1,0,0,0,1,1,1,1,1,0,+3,33,Every three months,Female
322,1,1,0,1,0,1,0,1,0,0,0,-1,46,Every three months,Female
323,1,1,0,1,0,1,0,1,1,0,0,+2,41,Every three months,Female
324,0,1,0,0,0,1,1,0,0,1,0,-1,60,Every three months,Male
325,1,1,0,1,0,1,1,1,0,1,0,+2,42,Once a month,Male
326,0,1,0,1,0,1,1,1,0,0,0,+1,45,Once a month,Female
327,1,1,0,1,1,1,0,0,0,0,0,0,36,Every three months,Male
328,1,1,0,1,0,0,0,1,1,1,0,+2,44,Once a month,Male
329,1,1,1,0,1,0,0,1,1,0,0,+1,34,Once a month,Male
330,1,0,0,1,1,1,1,1,0,0,0,+2,22,Every three months,Male
331,0,1,0,1,1,1,1,0,0,0,1,-4,64,Every three months,Male
332,1,1,0,0,0,1,1,1,0,1,0,+5,36,Once a month,Male
333,1,1,0,1,1,1,1,1,0,0,0,+5,23,Once a month,Male
334,0,1,0,1,0,1,1,1,0,0,0,-4,69,Every three months,Female
335,0,1,0,1,1,1,1,0,0,0,0,-5,64,Never,Female
336,1,1,0,1,0,1,1,1,0,0,0,+4,53,Every three months,Male
337,0,1,0,1,1,0,0,0,0,0,1,-4,40,Never,Female
338,0,1,0,1,0,1,1,0,0,0,1,-4,56,Every three months,Female
339,0,1,0,1,1,0,0,1,0,0,0,+2,48,Once a week,Female
340,1,0,0,1,0,1,1,1,0,1,0,+5,62,Once a month,Female
341,1,1,0,0,0,1,1,1,0,1,0,+2,65,Every three months,Female
342,1,1,0,0,0,1,0,1,1,0,0,+4,34,Once a month,Male
343,0,1,0,1,1,1,0,0,0,0,1,-5,27,Never,Female
344,1,1,0,1,0,1,1,1,0,0,0,+2,25,Every three months,Male
345,1,1,0,1,1,1,1,1,0,0,1,-1,55,Once a year,Female
346,1,1,0,1,0,1,1,1,0,0,0,+5,38,Once a week,Female
347,1,1,0,1,0,1,0,1,1,1,0,+1,52,Once a month,Female
348,1,1,0,1,0,0,0,1,1,0,0,+3,36,Once a month,Male
349,1,1,0,1,1,1,1,1,0,0,0,-1,36,Once a month,Male
350,1,1,0,1,0,1,0,1,1,0,0,0,52,Once a month,Female
351,1,1,0,1,1,1,1,1,1,0,0,+5,49,Once a week,Female
352,0,1,0,1,0,1,0,1,0,0,0,+2,58,Once a month,Female
353,1,1,1,0,0,1,1,1,0,1,0,+3,67,Once a month,Female
354,0,1,0,1,1,1,1,1,0,0,1,+1,56,Every three months,Female
355,1,1,0,1,1,0,0,1,1,0,0,+2,43,Once a week,Female
356,1,1,0,1,0,1,1,1,0,0,0,+1,43,Once a week,Female
357,1,1,0,1,1,1,0,1,1,0,1,+1,23,Every three months,Female
358,1,1,0,1,1,1,1,1,1,0,0,+1,29,Once a week,Male
359,0,1,0,1,1,0,0,0,1,0,1,-4,32,Once a year,Male
360,0,1,0,1,1,1,1,0,0,0,0,+1,35,Once a week,Female
361,1,1,0,0,1,1,0,1,1,0,1,+2,46,Once a week,Male
362,0,1,0,0,0,1,1,1,0,1,0,+3,55,Once a month,Female
363,1,1,0,1,0,1,1,1,0,0,0,+4,45,Once a week,Female
364,1,1,0,1,0,0,0,1,1,0,0,+2,39,Every three months,Male
365,0,1,0,0,0,1,0,1,1,1,1,-3,52,Once a year,Male
366,1,1,0,1,0,1,0,1,1,0,0,+3,53,Once a month,Female
367,1,1,1,1,1,1,0,1,0,0,0,+3,44,Once a month,Male
368,0,1,0,1,1,1,1,1,0,0,0,+1,55,Once a year,Female
369,1,1,0,1,0,1,1,1,0,1,0,+5,21,More than once a week,Female
370,0,1,0,0,0,1,1,1,0,0,0,+1,48,Once a month,Male
371,1,1,1,1,1,0,0,1,1,0,0,+3,57,Once a month,Female
372,1,1,0,1,1,1,0,1,1,0,0,+3,26,Once a week,Male
373,1,1,0,0,0,1,1,1,0,0,0,+2,52,Once a month,Female
374,1,1,0,1,1,1,0,1,1,0,0,+4,28,Once a week,Male
375,0,1,0,0,0,1,0,1,0,0,0,+2,58,Once a month,Male
376,1,1,0,0,0,0,1,1,0,1,0,+5,34,Once a month,Male
377,1,1,0,1,0,1,1,0,0,0,0,-4,39,Every three months,Male
378,1,1,1,1,1,1,0,1,1,0,0,+3,20,Once a month,Male
379,0,1,0,1,0,1,0,0,0,0,1,0,61,Once a year,Female
380,1,1,0,1,0,0,0,0,1,0,0,+4,35,Once a week,Male
381,0,1,0,1,1,1,0,0,1,0,1,-5,27,Never,Male
382,1,1,0,1,1,1,1,1,0,0,0,+3,50,Once a month,Female
383,1,1,0,1,1,1,1,1,0,0,0,+3,58,Once a month,Female
384,0,1,0,1,1,1,1,0,0,0,1,-1,29,Once a month,Female
385,1,1,0,1,1,1,0,1,1,0,0,+3,23,Once a week,Male
386,1,1,0,0,0,1,0,1,0,0,0,+2,47,Every three months,Male
387,1,1,0,1,1,1,1,1,0,0,0,+2,58,Every three months,Female
388,0,1,0,1,0,1,0,0,1,0,0,0,49,Once a month,Female
389,1,1,0,1,0,1,0,0,0,0,0,+1,27,Once a month,Female
390,1,1,0,1,1,1,1,1,0,0,0,+5,20,More than once a week,Female
391,1,1,0,1,1,0,0,1,1,0,1,0,43,Every three months,Male
392,0,1,0,1,0,1,0,0,1,0,1,0,62,Every three months,Female
393,0,0,0,1,0,1,1,0,0,0,1,-5,55,Once a year,Female
394,0,0,0,1,1,1,1,1,0,0,0,-3,62,Once a year,Female
395,0,1,0,1,1,1,1,0,0,0,1,-3,56,Once a year,Female
396,0,1,0,1,0,1,1,0,0,0,0,-4,60,Never,Male
397,1,1,0,1,0,1,1,1,0,0,0,+1,42,Once a month,Female
398,1,1,0,1,1,1,1,1,0,0,0,+4,26,Once a week,Female
399,0,1,0,1,0,1,1,0,0,0,0,-1,55,Once a year,Female
400,1,1,0,1,0,1,0,1,0,0,0,+4,42,Once a week,Male
401,0,1,0,0,0,1,1,1,0,1,0,+3,67,Once a year,Female
402,1,1,0,1,0,1,0,1,1,0,0,+3,43,Once a week,Male
403,0,1,0,1,1,1,1,0,0,0,0,0,42,Once a month,Female
404,1,1,0,0,0,1,1,1,0,1,0,+5,50,Once a week,Female
405,0,1,0,1,1,1,1,0,0,0,1,-4,20,Once a year,Female
406,0,0,0,1,0,1,0,0,1,0,1,-5,50,Never,Male
407,1,1,1,1,1,1,0,1,1,0,0,+1,60,Once a year,Male
408,1,1,0,1,1,1,1,1,0,0,0,-1,21,Never,Male
409,1,1,0,1,0,1,0,1,1,0,0,+4,33,Once a month,Male
410,1,1,0,1,0,1,1,0,0,0,0,0,68,Every three months,Female
411,1,1,0,1,1,1,1,1,0,0,0,+3,26,Once a month,Male
412,1,1,0,1,0,1,1,1,0,0,0,+1,60,Once a month,Female
413,1,1,0,1,1,1,0,1,1,0,0,+3,52,Every three months,Female
414,1,1,1,0,0,1,1,1,0,1,0,+4,70,Every three months,Female
415,0,0,0,1,1,1,1,0,1,0,1,-5,44,Once a year,Female
416,1,1,0,1,1,1,0,1,1,0,0,+2,23,Every three months,Female
417,0,1,1,1,0,1,0,0,0,0,0,-1,62,Every three months,Female
418,0,1,1,1,0,1,1,1,0,0,0,+2,59,Once a week,Female
419,1,1,0,0,0,1,1,1,0,1,0,+5,66,Once a week,Female
420,0,1,0,1,0,1,0,0,1,1,0,+1,44,Once a month,Male
421,1,1,0,1,1,1,0,1,1,0,0,+3,25,Once a month,Male
422,1,1,0,1,0,0,0,1,1,1,0,+3,41,Once a month,Male
423,1,1,0,0,0,1,1,1,0,0,0,+4,41,More than once a week,Male
424,1,1,0,0,0,1,1,1,0,1,0,+3,33,Once a week,Male
425,0,1,0,1,1,1,0,0,1,0,1,+1,45,Once a month,Female
426,1,1,0,1,0,1,1,1,0,1,0,+5,23,More than once a week,Female
427,0,0,0,1,1,1,0,0,1,0,1,-4,52,Once a year,Female
428,0,1,0,1,0,1,1,0,0,0,0,+2,63,Once a month,Female
429,1,1,1,1,1,1,1,1,1,1,1,+4,48,Once a month,Female
430,0,1,0,1,1,1,0,1,1,0,1,-5,52,Never,Male
431,0,0,0,1,1,1,1,0,1,0,1,-5,50,Never,Male
432,1,1,0,1,1,1,1,1,0,1,1,+2,28,Once a month,Male
433,1,1,0,1,1,1,0,1,1,0,1,+1,24,Once a month,Male
434,0,1,0,1,0,0,0,0,1,0,0,0,45,Once a week,Female
435,1,1,0,1,1,0,0,0,1,0,0,+2,26,Every three months,Female
436,1,1,0,1,1,1,0,1,0,0,1,+1,19,Every three months,Male
437,0,1,0,1,0,1,0,1,1,0,0,+2,45,Every three months,Male
438,0,1,0,0,0,1,0,0,1,1,0,+1,44,Every three months,Male
439,1,1,0,1,1,1,0,1,0,0,0,+2,47,Once a month,Male
440,0,1,0,1,0,1,1,1,0,0,0,+3,28,Once a month,Male
441,0,1,0,1,0,1,1,0,0,0,0,+2,62,Every three months,Female
442,1,1,1,0,1,1,1,1,0,0,0,-1,33,Once a week,Male
443,1,1,0,0,0,0,1,1,0,1,0,+3,67,Every three months,Female
444,1,1,0,0,0,1,1,1,0,1,0,+1,67,Once a year,Female
445,1,1,1,1,1,1,1,1,1,0,1,+2,49,Once a month,Male
446,1,1,0,1,1,1,1,1,0,0,0,+4,33,Once a week,Female
447,1,1,0,0,0,1,1,1,0,1,0,+5,51,More than once a week,Female
448,1,1,0,0,0,1,1,1,0,1,0,+3,52,Once a week,Female
449,1,1,1,1,1,1,1,1,1,1,0,+5,30,More than once a week,Male
450,1,1,0,1,0,1,0,1,1,0,0,+2,60,Once a month,Female
451,0,1,0,1,0,1,0,0,1,0,0,-3,47,Every three months,Female
452,0,1,0,0,0,1,0,1,1,0,0,+2,44,Once a month,Male
453,1,1,0,1,0,1,0,1,1,0,0,+2,43,Every three months,Female
454,0,1,0,1,1,1,1,0,0,0,0,-2,46,Once a month,Male
455,0,1,0,1,0,1,0,1,0,0,0,+1,40,Once a month,Female
456,0,1,0,1,1,1,0,0,0,0,0,0,48,Once a year,Female
457,0,1,0,1,1,1,0,0,1,0,1,0,53,Once a month,Female
458,1,1,0,1,0,1,0,1,1,0,0,+4,35,Every three months,Male
459,0,1,0,1,0,1,1,0,0,1,0,-4,51,Every three months,Male
460,1,1,0,1,1,1,1,0,1,0,0,+2,26,Once a month,Male
461,0,1,0,1,1,1,0,0,1,0,0,-2,46,Every three months,Female
462,1,1,0,1,1,1,1,1,0,0,0,+2,39,Once a month,Female
463,1,1,0,1,0,1,1,1,0,0,0,0,38,Once a year,Male
464,1,1,0,1,0,1,1,1,0,0,0,+4,40,Once a month,Female
465,1,1,0,1,0,1,1,1,0,0,0,+5,36,Once a month,Female
466,0,1,0,1,0,1,1,0,0,0,0,0,56,Never,Female
467,1,1,0,1,1,1,1,1,0,0,0,+5,23,Once a month,Female
468,1,1,0,1,0,1,1,1,0,0,0,+5,39,Once a month,Female
469,0,1,0,1,1,1,1,0,0,0,1,-2,22,Every three months,Female
470,1,1,0,0,0,1,1,1,0,0,0,+3,27,Once a month,Male
471,1,1,0,1,1,1,1,1,0,0,0,0,23,Every three months,Female
472,1,1,0,1,1,1,1,1,0,0,0,+2,21,Every three months,Female
473,1,1,1,1,1,1,1,1,1,1,1,+3,33,Every three months,Male
474,0,0,0,1,1,1,1,0,0,0,1,-5,24,Never,Female
475,1,1,0,1,1,1,1,1,0,1,0,+5,22,More than once a week,Female
476,0,0,0,1,1,1,1,0,0,0,1,-5,54,Every three months,Female
477,0,1,1,1,1,0,0,0,1,0,1,-3,56,Every three months,Female
478,1,1,0,1,1,1,1,1,0,0,0,+4,20,Once a month,Male
479,1,1,1,0,0,0,0,1,1,1,0,+4,41,Once a month,Female
480,0,1,1,0,0,1,0,1,1,0,0,+4,70,Once a month,Male
481,1,1,0,1,1,1,1,1,0,1,0,+4,54,Once a month,Female
482,1,1,0,1,1,1,0,1,1,1,0,+3,23,Once a month,Male
483,1,1,0,0,0,1,1,1,0,1,0,+2,61,Once a month,Female
484,0,1,0,1,0,1,0,1,1,0,0,+1,52,Once a week,Female
485,1,1,0,1,0,1,1,1,0,1,0,+3,61,Once a week,Female
486,0,1,1,1,0,1,1,0,0,0,1,-2,66,Every three months,Female
487,1,1,0,1,1,1,0,1,1,0,0,+1,40,Once a month,Female
488,1,1,1,1,1,1,1,1,1,1,1,+5,26,Never,Male
489,0,1,0,0,1,1,0,0,1,1,0,+2,32,Once a month,Male
490,1,1,0,1,1,1,1,1,0,0,0,-2,60,Every three months,Male
491,1,1,0,1,0,1,1,1,0,0,0,+3,38,Once a month,Male
492,1,1,0,1,1,1,0,1,1,0,0,+3,29,Every three months,Male
493,0,0,0,1,1,1,0,0,1,0,0,-5,69,Never,Male
494,0,1,0,1,1,1,1,0,0,0,0,+2,64,Once a year,Male
495,0,1,0,1,1,1,0,0,0,0,1,-5,40,Never,Male
496,1,1,0,1,1,1,0,1,1,0,0,+1,42,Once a month,Male
497,1,1,0,1,0,1,1,1,0,0,0,-5,64,Once a month,Female
498,1,1,0,1,1,1,0,1,1,1,0,+5,22,Once a week,Male
499,1,1,0,1,1,1,1,1,0,0,0,+2,57,Every three months,Female
500,1,1,0,1,1,1,0,1,1,0,0,+2,28,Every three months,Female
501,1,1,0,1,0,1,1,1,0,1,0,+5,41,Once a month,Female
502,1,1,1,1,1,1,0,1,1,0,0,0,56,More than once a week,Male
503,1,1,0,0,0,1,1,1,0,1,0,+3,50,Once a month,Female
504,0,1,0,1,1,1,1,0,1,0,1,-5,68,Never,Male
505,0,1,0,1,0,1,0,1,1,0,1,-5,62,Once a year,Male
506,1,1,0,1,1,1,1,1,0,0,0,+4,58,Every three months,Female
507,1,1,0,0,0,1,1,1,0,1,0,+5,47,More than once a week,Male
508,1,1,0,1,0,1,0,1,1,1,0,+3,35,Once a month,Female
509,1,1,1,1,0,1,1,1,0,0,0,+4,58,Once a month,Male
510,1,1,0,1,1,1,1,1,0,0,0,+5,21,Once a week,Female
511,1,1,0,1,0,1,1,1,0,1,0,+3,53,Every three months,Female
512,1,1,0,1,0,1,1,1,0,1,0,+5,38,Once a month,Female
513,1,1,0,1,0,1,0,1,1,0,0,+5,59,Once a month,Male
514,1,1,0,1,1,1,0,1,1,0,0,+4,39,Once a week,Female
515,1,1,0,1,1,1,0,1,0,0,0,+2,36,Every three months,Female
516,1,1,0,1,1,1,1,1,0,0,0,+5,26,More than once a week,Female
517,0,1,0,1,0,1,0,1,1,0,0,-1,53,Once a week,Male
518,1,1,0,0,0,1,1,1,0,1,0,+5,64,Once a month,Female
519,0,1,0,1,1,1,0,1,1,1,1,-3,56,Every three months,Female
520,0,1,0,1,1,1,0,0,1,0,0,-5,65,Never,Male
521,0,0,0,0,1,0,0,0,0,0,1,-5,40,Never,Male
522,1,1,0,0,0,1,1,1,0,1,0,+5,68,Once a month,Male
523,1,1,0,1,0,1,1,1,0,0,0,+4,65,More than once a week,Male
524,1,1,0,1,1,1,1,1,0,0,0,+2,52,Once a month,Female
525,0,1,0,1,0,1,1,0,0,1,0,-4,37,Once a year,Female
526,0,0,0,1,1,1,1,0,1,0,1,-5,32,Once a year,Male
527,1,1,1,1,0,1,1,1,0,0,0,+5,51,Once a week,Female
528,1,1,0,1,1,1,1,1,0,1,0,+3,52,Every three months,Female
529,1,1,0,0,0,1,0,1,1,1,0,+4,57,Every three months,Female
530,1,1,0,1,0,1,1,1,0,1,0,+5,55,Every three months,Female
531,0,1,0,1,0,1,0,1,1,0,0,0,38,Once a month,Female
532,0,1,0,1,1,1,1,0,0,0,0,+2,44,Once a week,Female
533,1,1,0,1,0,1,0,1,1,0,0,+3,56,Once a year,Female
534,0,1,0,1,1,0,0,0,0,0,0,+1,67,Once a year,Female
535,1,1,0,1,0,1,0,1,0,1,0,+3,43,Once a month,Female
536,0,1,0,1,0,1,1,1,0,0,0,+1,39,Every three months,Male
537,1,1,0,1,1,1,1,1,0,0,0,+2,27,Once a week,Female
538,1,1,0,1,1,1,0,1,0,0,0,+1,29,Once a year,Female
539,0,1,0,0,1,1,1,0,0,0,0,-1,24,Once a year,Male
540,0,1,0,1,1,1,0,0,1,0,1,-5,37,Every three months,Male
541,1,1,0,1,1,1,0,1,1,0,1,+1,22,Once a month,Female
542,0,1,0,1,0,1,0,1,1,1,1,-2,55,Never,Female
543,0,1,0,1,1,1,1,0,0,0,0,-2,50,Once a year,Male
544,1,0,0,0,0,1,0,1,1,1,0,+1,26,Once a month,Male
545,0,1,0,1,0,1,1,1,0,0,0,0,55,Every three months,Female
546,1,1,0,1,0,1,1,1,0,0,0,+2,48,Once a month,Female
547,1,1,0,1,0,1,0,1,1,0,0,+4,25,Once a week,Female
548,1,1,0,1,1,1,1,1,1,0,0,+4,32,More than once a week,Male
549,0,1,0,1,1,1,0,0,1,0,1,+1,28,Every three months,Female
550,0,1,0,1,0,1,1,0,0,0,0,-1,52,Once a year,Female
551,1,1,0,1,0,1,1,0,0,0,0,+1,30,Once a week,Male
552,1,1,0,1,0,1,1,1,0,0,0,-2,52,Once a year,Female
553,1,1,0,0,0,1,1,1,0,0,0,+4,55,Once a month,Female
554,0,0,0,1,1,1,0,0,1,0,1,-5,35,Once a year,Female
555,1,1,0,1,0,1,1,1,0,0,0,+3,29,Once a week,Male
556,1,1,0,1,1,1,1,1,0,0,0,+2,55,Once a year,Male
557,0,1,0,1,1,1,1,1,0,0,1,+1,50,Every three months,Female
558,0,1,0,1,1,1,1,0,0,0,1,-2,34,Once a week,Male
559,0,1,0,1,0,1,1,1,0,0,0,0,59,Never,Female
560,1,1,1,0,0,1,0,1,1,1,0,+4,40,Once a week,Male
561,1,1,0,1,0,1,1,1,0,0,0,+3,39,Once a month,Female
562,0,1,0,1,1,0,0,1,0,1,0,0,46,Every three months,Female
563,1,1,0,0,0,0,1,1,0,0,0,+5,25,Once a week,Male
564,0,1,0,1,1,0,0,0,1,0,1,-3,48,Every three months,Male
565,1,1,0,1,0,1,1,1,0,0,0,+3,56,Once a week,Female
566,0,1,0,1,1,1,1,0,0,0,1,-3,46,Once a year,Female
567,1,1,1,1,0,1,1,1,0,1,0,+5,44,Once a week,Male
568,0,1,0,0,0,1,1,0,0,1,1,-5,55,Once a year,Female
569,1,1,0,1,1,1,1,1,0,0,0,+3,63,More than once a week,Male
570,0,1,0,1,1,1,0,1,1,0,0,+1,58,Every three months,Male
571,1,1,0,1,1,1,1,1,0,0,0,+4,18,Once a month,Male
572,0,1,0,1,0,1,0,1,1,0,0,0,60,Every three months,Male
573,0,1,0,1,0,1,1,0,0,0,0,-5,63,Once a year,Female
574,1,1,0,1,1,1,1,1,0,0,0,+3,30,Once a month,Female
575,0,1,0,1,1,0,0,0,1,0,0,-5,67,Never,Female
576,0,0,0,1,1,1,0,0,1,0,0,-5,65,Never,Female
577,1,1,1,1,1,1,1,1,0,1,0,+3,61,Once a month,Female
578,0,1,0,1,0,1,0,1,0,0,0,+2,52,Once a week,Male
579,1,1,0,1,1,1,0,1,1,0,0,-3,23,Once a year,Female
580,0,1,0,1,1,0,0,0,1,0,1,-4,41,Every three months,Female
581,1,1,0,1,1,1,1,1,0,0,1,0,57,Every three months,Male
582,0,1,0,1,0,1,1,0,0,0,0,0,46,Once a year,Female
583,1,1,0,1,1,1,0,1,1,0,0,-2,36,Every three months,Male
584,0,0,0,1,1,1,1,0,1,1,1,-5,54,Never,Male
585,1,1,0,1,1,1,1,1,0,0,0,+2,37,Once a month,Male
586,1,1,0,1,1,1,1,1,0,0,0,+5,33,Once a week,Female
587,1,1,0,1,1,0,1,1,0,0,0,+3,26,Once a week,Male
588,1,1,0,0,0,0,0,1,1,1,0,+4,27,Once a week,Male
589,0,1,0,1,0,1,1,0,0,0,1,-5,34,Once a year,Male
590,1,1,0,1,0,0,1,1,0,0,0,+2,49,Once a month,Male
591,1,1,0,1,0,1,1,1,0,1,0,+3,34,Once a week,Female
592,0,1,0,1,1,1,1,0,0,0,1,+3,37,Once a month,Female
593,0,1,0,1,1,1,0,0,0,1,0,-4,62,Once a year,Male
594,0,1,0,1,0,1,1,0,0,0,0,+2,54,Once a month,Male
595,0,1,1,1,1,1,1,1,1,1,0,-3,37,Once a year,Female
596,1,1,1,1,1,1,1,1,0,0,0,+1,57,Every three months,Male
597,0,0,0,1,1,0,0,0,1,0,1,-1,48,Every three months,Male
598,0,1,0,1,1,1,1,0,0,0,1,-5,59,Never,Female
599,1,1,0,1,0,1,1,1,0,1,0,+4,52,Once a month,Female
600,0,1,0,1,1,1,1,1,0,0,0,+1,36,Every three months,Female
601,0,1,0,1,1,1,1,0,0,0,0,-3,35,Every three months,Male
602,0,1,0,1,1,1,0,0,1,0,1,-4,43,Once a year,Male
603,0,1,0,1,0,1,1,0,0,0,1,-4,60,Never,Female
604,0,1,0,1,1,1,1,0,0,0,0,-3,32,Never,Female
605,1,1,0,1,0,1,1,1,0,0,0,+4,62,Once a week,Male
606,1,1,0,1,1,1,0,1,1,0,0,+4,45,Once a month,Male
607,1,1,0,1,0,1,1,1,0,0,0,+4,45,Once a month,Male
608,0,0,0,0,0,0,0,0,1,0,1,-5,34,Once a month,Male
609,0,1,0,1,0,1,1,0,0,0,1,-5,55,Once a year,Male
610,0,1,1,1,0,1,0,1,0,0,1,-1,36,Every three months,Male
611,0,1,0,0,0,1,1,0,0,0,0,0,29,Once a year,Male
612,0,1,0,1,0,1,1,0,0,0,1,-5,64,Once a month,Female
613,0,1,0,1,0,1,1,0,0,0,0,-3,66,Once a month,Female
614,0,1,0,1,0,1,0,1,0,0,0,+3,49,Once a month,Female
615,1,1,0,1,0,1,1,1,0,0,0,+2,25,Every three months,Female
616,0,1,0,1,0,1,1,1,0,1,0,+2,58,Once a month,Female
617,0,1,0,1,0,1,1,1,0,0,0,+2,56,Once a year,Female
618,1,1,0,0,0,1,1,1,1,0,0,+3,29,Every three months,Female
619,0,1,0,1,1,1,1,1,0,0,0,-1,70,Once a year,Female
620,0,1,0,1,1,1,1,0,0,0,1,-3,37,Every three months,Female
621,1,1,0,1,0,1,0,1,1,0,0,+2,38,Once a week,Male
622,1,1,0,1,0,1,1,1,0,1,0,0,59,Once a year,Female
623,0,1,0,1,1,1,1,0,0,0,0,-3,20,Every three months,Female
624,1,1,0,0,0,1,1,1,0,1,0,+5,69,Once a month,Female
625,0,1,0,1,1,1,0,1,1,0,0,+1,66,Once a month,Female
626,0,1,0,1,0,1,1,1,0,0,0,+2,53,Once a month,Female
627,0,0,0,1,1,1,1,0,0,0,1,-5,60,Never,Female
628,1,1,0,1,0,1,1,1,0,0,0,+3,38,Once a week,Female
629,0,1,0,1,1,0,0,0,1,0,1,0,34,Every three months,Female
630,1,1,1,1,0,1,0,1,0,0,0,+2,45,Every three months,Female
631,1,1,0,1,0,1,1,1,0,0,0,+3,30,Every three months,Male
632,0,0,0,1,1,1,0,0,1,0,1,-5,38,Never,Male
633,1,1,0,0,0,1,0,0,0,0,0,+1,55,Once a month,Male
634,1,1,0,1,0,1,0,1,0,0,0,+2,35,Once a month,Female
635,0,1,0,0,0,1,1,1,0,0,0,-3,49,Once a year,Female
636,0,1,0,1,1,1,1,0,0,0,0,0,60,Once a year,Female
637,0,0,0,1,1,0,1,0,0,1,0,-2,48,Every three months,Female
638,1,1,0,1,0,1,1,1,0,0,0,+2,43,Once a month,Female
639,1,1,0,1,1,1,0,1,1,0,0,-4,39,Once a year,Male
640,1,1,0,1,0,1,1,1,0,0,0,0,23,Once a week,Male
641,1,1,0,1,1,1,1,1,0,0,0,+4,51,Once a month,Female
642,0,1,0,1,1,1,1,0,0,0,1,-5,21,Never,Female
643,1,1,0,1,0,1,1,1,0,0,0,0,70,Once a year,Female
644,0,1,0,1,0,1,0,0,1,0,1,-5,56,Once a year,Male
645,0,0,0,1,0,0,0,0,1,0,1,-1,33,Once a year,Female
646,1,1,0,1,0,1,1,1,0,0,0,+3,58,Every three months,Male
647,1,1,0,1,1,0,0,1,1,0,0,+3,23,Once a month,Female
648,1,1,1,1,0,1,1,1,0,0,0,0,63,Every three months,Female
649,1,1,0,1,0,1,0,1,1,0,0,+2,33,Once a month,Female
650,0,1,0,0,0,0,0,1,1,1,0,+1,51,Once a year,Female
651,1,1,0,1,0,1,0,1,1,0,0,+5,27,Once a month,Male
652,1,1,0,0,0,1,1,1,0,1,0,+2,51,Once a month,Male
653,0,0,0,0,0,0,0,0,0,0,0,-3,69,Never,Male
654,1,1,0,0,0,1,1,1,0,0,0,+2,59,Every three months,Female
655,1,1,0,1,0,1,1,1,0,0,0,+3,40,Once a month,Male
656,1,1,0,1,1,1,1,1,0,0,0,+5,20,Once a month,Female
657,0,1,0,1,1,1,1,0,0,0,1,-5,28,Never,Male
658,1,1,0,1,1,0,0,1,1,0,0,+1,31,Once a month,Male
659,1,1,0,1,1,1,0,1,1,0,0,+2,32,Every three months,Female
660,1,1,0,1,0,1,0,1,0,0,0,+3,34,Once a week,Female
661,0,1,0,1,1,1,1,0,1,0,1,-3,62,Once a week,Male
662,1,1,0,1,1,1,1,1,0,1,0,0,33,Every three months,Female
663,0,1,0,1,0,1,0,1,1,0,1,-1,51,Once a month,Female
664,1,1,0,1,1,1,1,1,0,0,0,+4,36,Every three months,Male
665,1,1,0,1,0,1,0,1,0,0,0,+4,22,Once a month,Female
666,0,0,0,0,0,0,0,0,1,0,1,-5,51,Never,Female
667,0,1,0,1,1,1,0,1,1,0,1,-5,42,Never,Male
668,1,1,0,0,1,1,1,1,0,1,0,+2,24,Once a month,Male
669,1,1,0,1,1,1,0,1,1,0,0,+3,18,Once a month,Male
670,0,1,0,1,1,1,1,0,0,0,1,-5,26,Once a year,Female
671,0,1,1,1,1,1,1,0,0,1,0,0,57,Never,Male
672,1,1,0,1,0,1,1,1,0,1,0,+1,59,Once a week,Male
673,1,1,0,1,1,1,0,1,1,0,0,0,38,Every three months,Female
674,1,1,0,1,1,1,1,1,0,0,0,+5,26,More than once a week,Female
675,1,1,0,1,0,1,1,1,0,1,0,+2,31,Once a month,Male
676,1,1,0,1,1,1,1,0,0,0,0,+2,27,Once a year,Female
677,0,1,1,1,1,1,0,1,1,0,0,-3,55,Never,Male
678,1,1,0,0,0,1,1,1,0,1,0,+4,47,More than once a week,Male
679,0,0,0,1,1,0,0,0,1,0,1,-4,52,Never,Male
680,1,1,0,1,0,1,1,1,0,1,0,+5,58,Once a week,Male
681,1,1,0,1,1,1,1,1,0,0,0,+2,30,Every three months,Female
682,1,1,0,1,1,1,0,1,1,0,0,-1,38,Every three months,Female
683,1,1,0,1,0,1,1,1,0,0,0,+4,49,Once a week,Female
684,1,1,0,1,0,1,0,0,0,0,0,+3,37,Once a month,Male
685,1,1,0,1,1,1,0,0,1,0,0,+3,39,Once a month,Male
686,1,1,0,1,0,1,1,1,0,0,0,+4,60,Once a week,Male
687,1,1,0,1,0,0,1,1,0,0,0,+3,50,Once a week,Male
688,1,1,0,1,0,1,1,1,0,0,0,+4,25,Once a week,Male
689,0,1,0,1,1,1,1,0,0,0,1,-4,64,Never,Male
690,0,0,0,1,0,0,0,0,1,0,1,-3,62,Once a year,Male
691,0,1,0,1,1,1,1,0,0,0,1,-2,37,Once a year,Male
692,1,1,0,0,0,1,0,0,1,1,0,+2,68,Every three months,Male
693,1,1,0,1,1,1,1,1,0,0,0,+2,24,Once a month,Female
694,1,1,1,0,1,1,1,1,0,1,0,+1,26,Once a week,Male
695,0,1,0,1,1,1,0,0,1,0,0,+2,49,Once a month,Female
696,0,1,0,0,0,0,0,0,1,0,0,-2,43,Once a week,Male
697,1,1,0,1,1,1,1,1,0,0,1,+4,53,Once a month,Female
698,1,1,0,1,1,1,1,1,0,0,0,+2,41,Once a month,Male
699,0,1,0,1,1,1,1,0,0,0,1,-5,35,Every three months,Female
700,0,0,0,1,1,0,0,0,1,0,1,-5,60,Never,Male
701,1,1,0,1,1,1,1,1,0,0,0,+2,35,Once a week,Male
702,0,1,0,1,1,1,0,0,1,0,1,0,54,Every three months,Male
703,1,1,0,1,1,1,1,1,1,0,0,+4,23,Once a week,Female
704,0,1,0,0,1,1,1,0,0,1,0,0,41,Once a year,Female
705,0,1,0,1,1,0,0,0,1,0,1,-5,57,Once a year,Female
706,0,0,0,1,0,1,1,0,0,0,1,-5,64,Never,Female
707,1,1,0,1,1,1,1,1,0,0,0,+2,59,Once a month,Female
708,1,1,0,1,0,1,1,1,0,0,0,+4,38,Once a month,Female
709,0,1,0,1,0,1,1,1,0,0,0,+1,66,Every three months,Male
710,1,1,0,1,0,1,1,1,0,0,0,+4,49,Once a week,Female
711,1,1,1,1,1,1,0,1,1,0,0,0,48,Every three months,Female
712,0,1,0,1,1,0,0,0,1,0,0,-5,63,Once a year,Female
713,1,1,0,1,0,1,1,1,0,0,0,+1,64,Every three months,Female
714,0,1,0,1,1,1,1,0,0,0,0,-1,56,Every three months,Female
715,1,1,0,1,0,1,1,1,0,0,0,+3,24,More than once a week,Female
716,0,0,0,1,0,1,1,0,0,0,1,0,57,Once a year,Female
717,0,0,0,1,1,1,1,0,0,1,1,-4,59,Once a year,Male
718,1,1,0,1,0,1,1,1,0,1,0,+4,39,Once a month,Female
719,1,1,0,1,0,1,1,1,0,1,0,+5,37,Once a week,Female
720,1,1,1,0,0,1,1,1,0,1,0,0,65,Once a year,Male
721,0,1,0,1,0,1,0,0,0,0,1,-5,55,Every three months,Male
722,1,1,0,1,1,1,1,1,0,0,0,-2,34,Once a year,Female
723,0,1,0,1,0,1,1,0,0,0,0,+1,31,Once a week,Female
724,1,1,0,1,1,1,1,1,0,1,0,0,23,Once a month,Female
725,0,1,0,1,1,1,1,0,0,0,0,0,42,Once a month,Female
726,1,1,0,1,1,1,0,1,1,0,0,+1,31,Once a year,Male
727,0,1,0,1,0,1,1,1,0,0,0,+1,32,Once a month,Female
728,0,1,0,1,0,1,0,0,1,0,0,0,49,Every three months,Female
729,0,1,0,0,1,1,1,0,0,0,1,0,59,Once a month,Male
730,1,1,0,1,1,1,0,0,0,0,0,+5,21,More than once a week,Female
731,1,1,0,1,0,1,0,1,1,0,0,+3,25,Once a month,Female
732,0,1,0,1,1,1,1,0,0,0,0,+2,24,Once a month,Male
733,0,1,0,1,0,1,1,1,0,0,0,-5,58,Never,Male
734,0,1,0,1,0,1,0,0,1,0,0,0,54,Every three months,Male
735,0,0,0,1,1,1,0,0,1,0,1,-5,62,Never,Male
736,0,1,0,1,1,1,0,0,1,0,0,+3,31,Once a month,Male
737,1,1,0,1,1,1,1,1,1,1,1,+1,21,Once a month,Female
738,0,1,0,1,0,1,1,0,0,0,0,+2,48,Once a month,Male
739,1,1,1,1,1,1,1,1,0,0,1,0,30,Every three months,Female
740,1,1,0,1,1,1,1,1,0,0,1,+2,36,Once a week,Female
741,1,1,0,1,1,1,1,1,0,0,0,+2,21,Every three months,Female
742,0,1,0,1,1,1,1,0,0,0,0,+2,63,Every three months,Female
743,1,1,0,1,1,0,1,0,0,1,0,+1,33,Once a week,Male
744,1,1,0,1,1,1,1,1,0,0,0,+5,18,Once a week,Female
745,1,1,0,1,1,1,1,1,0,0,0,+2,20,Once a month,Male
746,0,1,0,1,1,1,1,1,0,0,0,0,56,Once a month,Female
747,1,1,0,1,1,1,1,1,0,1,0,+3,38,Every three months,Female
748,0,1,0,1,0,1,1,0,0,0,0,+1,43,Every three months,Male
749,0,1,0,1,1,1,0,1,1,0,1,0,18,Every three months,Male
750,0,1,0,1,1,1,1,0,1,0,0,+3,19,Once a week,Male
751,0,1,1,1,0,1,0,0,1,0,1,-2,43,Every three months,Male
752,0,0,0,1,1,1,0,0,1,0,1,-5,50,Never,Male
753,1,1,0,1,1,1,0,0,1,0,0,-3,54,Once a month,Female
754,1,1,0,1,1,1,1,1,0,0,0,+2,23,Once a week,Male
755,0,1,0,1,1,1,1,1,1,0,1,0,40,Every three months,Male
756,1,1,1,1,0,1,0,1,1,1,0,+2,52,Every three months,Female
757,0,1,0,1,0,1,1,0,0,0,0,0,35,Every three months,Male
758,0,1,0,1,0,1,0,0,1,0,0,+1,41,Once a month,Male
759,0,0,0,1,1,1,0,0,1,0,1,-4,60,Once a year,Male
760,1,1,0,1,0,1,1,1,0,1,0,+3,66,Every three months,Female
761,0,1,1,1,1,1,1,1,0,1,0,-1,45,Every three months,Male
762,0,1,0,1,1,0,0,0,1,0,1,-5,39,Once a month,Male
763,0,1,1,1,1,1,1,1,1,0,0,+1,49,Once a year,Female
764,1,1,0,1,1,1,1,1,0,0,0,+1,58,Once a month,Female
765,1,1,0,0,0,1,1,1,0,1,0,+3,32,Every three months,Female
766,1,1,0,1,0,0,0,1,1,1,0,+3,34,Once a month,Female
767,0,1,0,1,1,1,1,0,0,0,1,-2,50,Once a month,Female
768,0,1,0,1,0,1,0,0,0,0,1,-5,58,Never,Female
769,0,1,0,1,1,1,1,1,0,0,1,-3,34,Once a year,Female
770,1,1,0,1,0,1,1,1,0,0,0,+3,53,Every three months,Female
771,1,1,0,1,0,1,0,1,1,0,0,+3,46,Once a month,Male
772,1,1,0,1,1,0,0,0,1,0,0,0,54,Once a year,Female
773,1,1,0,1,0,1,1,1,0,0,0,+4,29,Once a month,Male
774,1,1,0,1,0,1,1,1,0,0,0,+4,38,Once a month,Female
775,1,1,0,1,1,1,1,0,1,1,0,+2,52,Every three months,Female
776,1,1,0,1,1,1,0,1,1,0,0,+1,32,Once a month,Female
777,0,1,1,1,1,1,1,1,0,0,0,+2,65,Once a month,Female
778,1,1,0,1,0,1,0,0,0,0,0,0,44,Every three months,Male
779,0,1,0,1,0,1,1,0,0,1,0,-1,42,Once a month,Male
780,1,1,0,1,0,1,0,1,1,0,0,+4,37,Once a month,Female
781,1,1,0,1,0,0,0,1,1,0,0,0,24,More than once a week,Male
782,0,1,1,1,1,1,0,1,0,0,1,0,69,Never,Female
783,0,1,1,1,1,1,1,1,0,0,1,0,39,Once a month,Male
784,1,0,0,0,0,1,0,1,0,1,0,+4,55,Once a month,Male
785,1,1,0,1,1,1,0,1,1,0,0,+2,47,Every three months,Female
786,1,1,0,1,0,1,0,1,1,1,0,+5,46,Once a month,Female
787,1,1,0,1,0,1,0,1,1,0,0,0,63,Every three months,Female
788,0,0,0,1,1,1,1,0,0,0,1,-4,64,Never,Female
789,1,1,0,1,1,1,0,0,1,0,1,+3,34,Every three months,Female
790,0,1,0,1,1,1,0,0,1,0,1,-2,30,Once a week,Male
791,1,1,0,1,1,1,1,1,0,0,0,+2,37,Once a year,Female
792,1,1,0,1,0,1,0,1,1,1,0,+4,48,Once a month,Male
793,1,1,0,1,1,1,1,1,0,1,0,+3,32,Once a month,Female
794,0,1,0,1,1,1,0,1,0,0,0,-1,24,Once a year,Female
795,1,1,1,0,0,1,1,1,0,1,0,+4,65,Every three months,Male
796,0,1,0,1,1,1,1,0,0,0,0,-3,64,Every three months,Male
797,0,1,0,0,0,1,0,0,0,0,0,0,64,Every three months,Male
798,1,1,0,1,0,1,1,1,0,1,0,+2,50,Once a month,Male
799,1,1,0,1,0,1,0,1,1,0,0,+2,55,Once a month,Male
800,0,1,1,1,1,1,1,0,0,0,0,-2,70,Once a year,Male
801,0,0,0,1,1,0,1,0,0,0,1,-2,35,Never,Female
802,0,0,0,0,0,0,0,0,0,0,0,-5,24,Never,Male
803,0,1,0,1,1,1,0,0,1,0,1,-5,18,Once a year,Male
804,1,1,0,1,1,1,1,1,0,0,0,+4,30,Once a month,Female
805,0,1,0,1,1,1,0,0,0,0,1,-3,59,Once a year,Male
806,1,1,0,1,0,1,0,1,1,0,0,+3,64,Once a month,Male
807,0,1,1,1,1,1,1,1,0,0,0,-3,62,Once a year,Male
808,0,1,0,1,0,0,0,0,1,0,0,-3,63,Once a year,Female
809,1,1,0,1,1,0,0,1,0,0,0,+3,36,Once a week,Male
810,0,1,0,1,1,0,0,0,1,0,0,0,32,Every three months,Male
811,1,0,0,0,1,1,0,1,1,0,0,+5,61,Once a week,Female
812,1,1,0,1,0,1,0,1,1,0,0,+4,42,Once a week,Female
813,1,1,0,1,0,1,1,1,0,0,0,+5,43,Once a month,Female
814,0,1,0,1,0,0,0,0,0,0,0,0,44,Once a year,Female
815,0,0,0,1,1,1,0,1,1,0,0,+2,19,Once a week,Male
816,0,1,0,1,1,1,0,1,1,0,0,+1,53,Every three months,Female
817,1,1,0,1,0,1,1,1,0,0,0,+2,32,Every three months,Male
818,0,1,0,1,1,1,0,0,1,0,0,0,52,Once a month,Female
819,0,1,0,1,0,1,1,0,0,0,1,-3,60,Never,Male
820,0,1,0,1,1,1,0,0,1,0,0,-1,53,Every three months,Female
821,0,1,0,1,1,1,1,0,0,0,1,-5,33,Once a year,Female
822,1,0,1,0,0,0,0,0,1,1,0,+5,40,Once a month,Female
823,1,1,0,1,0,1,0,1,1,0,0,-2,63,Once a year,Male
824,1,1,1,0,0,1,1,1,0,1,0,+3,47,Once a week,Male
825,1,1,0,1,0,1,0,1,0,0,0,+3,25,Once a month,Female
826,0,1,0,1,0,1,1,0,0,0,0,-3,38,Every three months,Male
827,1,1,0,1,1,1,1,1,0,0,0,+5,28,Once a week,Female
828,0,1,0,1,1,1,0,0,1,1,0,0,57,Once a year,Male
829,1,1,0,1,0,1,1,1,0,1,0,+4,56,Once a week,Female
830,1,1,0,1,1,1,0,1,1,0,0,+3,35,Every three months,Male
831,0,0,0,1,1,1,0,0,1,0,1,-3,62,Once a year,Male
832,1,1,0,1,0,1,0,1,1,0,0,+1,37,Every three months,Female
833,0,1,0,1,1,1,1,0,0,1,0,+1,63,Once a week,Male
834,0,1,1,0,0,1,0,0,1,1,0,+1,57,Once a year,Male
835,0,1,0,1,1,1,1,0,0,0,0,-1,53,Once a year,Female
836,0,1,0,1,1,1,1,0,0,0,1,+2,49,Once a week,Female
837,0,1,1,1,1,1,1,1,0,0,0,+1,56,Never,Male
838,0,1,1,1,0,1,1,1,0,0,0,+1,50,Once a month,Male
839,1,1,0,1,0,1,1,1,0,0,0,+4,59,Once a year,Female
840,1,1,0,1,0,1,1,1,0,1,0,+5,32,Once a month,Female
841,1,1,0,1,0,1,0,1,0,0,0,+4,44,Once a month,Female
842,0,1,0,1,1,1,0,0,1,0,0,+1,34,Once a month,Female
843,0,1,0,1,0,1,1,0,0,0,1,0,51,Once a year,Female
844,1,1,0,1,1,1,1,1,0,0,0,+1,33,Once a month,Male
845,1,1,0,1,1,1,1,1,0,1,0,+2,36,Once a month,Female
846,1,1,0,1,1,1,0,1,1,1,0,+3,24,More than once a week,Female
847,1,1,0,1,0,1,1,1,0,0,0,+3,42,Once a month,Female
848,0,1,0,1,1,1,0,0,1,0,1,-5,45,Never,Male
849,0,1,0,1,1,1,0,0,1,0,1,0,48,Every three months,Female
850,1,1,0,1,0,1,1,1,0,0,0,+5,34,More than once a week,Female
851,1,1,0,1,0,1,1,1,0,0,0,+5,28,Once a week,Female
852,0,0,0,0,0,0,0,0,0,0,0,0,55,Once a year,Female
853,1,1,0,1,1,1,1,1,0,1,0,+2,29,Every three months,Female
854,1,1,0,0,0,1,1,1,0,1,0,+5,40,Once a month,Female
855,1,1,0,1,1,1,0,1,1,0,0,0,44,Every three months,Male
856,0,1,1,1,1,1,0,0,1,0,1,-5,49,Once a year,Male
857,1,1,0,1,0,1,1,1,0,0,0,+3,29,Once a month,Male
858,1,1,0,1,1,1,1,1,0,0,0,+4,40,Once a week,Male
859,0,0,0,1,0,1,1,0,1,0,0,+3,30,More than once a week,Male
860,1,1,0,1,0,1,1,1,0,0,0,+2,34,Once a month,Male
861,1,1,1,1,1,1,1,1,0,0,0,+1,60,Every three months,Male
862,0,1,0,1,0,1,1,1,0,0,0,+2,66,Once a month,Male
863,1,1,0,0,0,1,0,1,1,1,0,+3,51,Every three months,Male
864,0,0,0,1,1,1,1,0,0,0,1,-5,44,Once a year,Male
865,1,1,0,0,0,1,1,1,0,1,0,+3,64,Once a year,Male
866,1,1,0,0,0,1,1,0,1,1,0,+3,37,Every three months,Female
867,0,0,0,1,1,0,0,0,1,0,1,-5,51,Never,Male
868,1,1,0,1,0,1,1,1,0,0,0,+4,30,Once a week,Male
869,0,1,1,1,1,1,1,0,0,1,1,-4,53,Once a year,Male
870,0,0,0,1,1,0,1,1,0,0,0,+1,48,Once a month,Male
871,0,1,0,1,1,1,0,0,1,0,0,-2,67,Once a year,Female
872,0,1,0,1,1,1,0,0,1,0,1,-5,39,Never,Male
873,1,1,0,1,0,1,1,1,0,1,0,+3,67,Every three months,Female
874,0,1,0,1,1,1,0,0,0,0,1,-3,61,Never,Male
875,0,1,0,1,0,0,0,1,1,0,0,+2,57,Every three months,Male
876,0,1,0,1,0,0,1,0,0,0,1,-5,64,Once a year,Male
877,0,1,0,1,1,1,1,1,0,0,1,-4,64,Once a year,Female
878,1,1,0,1,1,1,1,1,1,1,0,+4,34,Once a week,Female
879,1,1,1,1,1,1,1,1,1,1,0,+4,45,Once a week,Male
880,1,1,0,1,0,1,1,1,0,0,0,+3,34,Once a month,Male
881,0,1,0,1,1,1,1,0,0,0,1,-5,67,Once a year,Male
882,0,0,0,1,0,1,0,0,0,0,1,-5,38,Never,Female
883,1,1,0,1,1,1,1,1,1,0,0,+2,22,Once a week,Male
884,1,1,1,0,0,1,1,1,0,0,0,+5,57,Once a week,Female
885,1,1,0,0,0,1,1,1,0,0,0,+2,65,Every three months,Female
886,0,1,0,1,1,1,0,0,0,0,0,-2,63,Once a year,Male
887,0,1,0,1,1,1,0,0,1,0,1,0,49,Once a year,Male
888,0,1,0,1,1,1,1,0,0,0,1,-2,36,Once a year,Male
889,0,0,1,1,1,0,0,0,0,1,1,-1,60,Never,Female
890,0,1,0,1,1,1,0,0,1,0,1,-3,62,Once a year,Female
891,1,1,0,1,0,1,1,1,1,0,0,+5,55,Once a week,Male
892,1,1,0,1,0,1,0,1,0,0,0,+3,41,Once a month,Female
893,0,1,0,1,1,1,0,0,1,0,1,-2,46,More than once a week,Male
894,1,1,0,1,0,1,1,1,0,0,0,+3,51,Once a month,Female
895,1,1,0,0,0,1,0,1,0,1,0,+5,61,Every three months,Female
896,1,1,0,1,0,1,0,1,1,1,0,+3,38,Once a week,Female
897,0,1,0,1,1,1,0,0,1,0,1,-4,59,Never,Female
898,1,1,0,0,0,1,0,1,0,1,0,+4,36,Once a month,Male
899,0,1,0,1,1,1,1,0,0,0,0,0,62,Never,Female
900,0,1,1,1,1,1,0,1,1,0,0,0,58,Once a month,Male
901,1,1,0,1,1,1,1,1,0,0,0,+4,23,Once a week,Female
902,0,1,0,1,0,1,0,0,1,0,1,-5,50,Every three months,Female
903,1,1,0,1,0,1,0,1,1,0,0,+4,25,Once a month,Female
904,0,1,0,1,0,1,1,1,0,0,0,+1,55,Once a month,Male
905,0,1,0,1,1,1,1,0,1,0,1,-5,48,Once a year,Male
906,0,0,0,1,0,1,0,0,0,0,1,-5,62,Never,Female
907,1,1,0,1,0,1,1,1,0,0,0,+2,61,Every three months,Female
908,1,1,0,1,1,1,0,1,1,0,0,+4,32,More than once a week,Female
909,0,1,0,0,0,1,1,0,0,1,0,0,49,Every three months,Male
910,1,1,1,1,1,1,1,1,1,1,1,+3,20,Once a month,Male
911,0,1,0,1,1,1,0,0,1,0,1,+1,43,Every three months,Female
912,0,0,0,0,0,1,1,0,0,0,0,-5,63,Never,Female
913,1,1,0,0,0,1,1,1,0,1,0,+4,60,Once a month,Female
914,0,1,0,1,0,1,1,0,0,0,0,+1,68,Once a year,Female
915,1,1,0,1,0,1,1,1,0,0,0,+3,64,Once a month,Male
916,0,1,0,1,1,1,1,0,0,0,1,-5,57,Once a year,Male
917,1,1,0,0,0,1,1,1,0,0,0,+4,71,Once a month,Male
918,1,1,0,1,1,1,1,1,0,0,1,+3,30,Every three months,Female
919,1,1,0,0,0,1,1,1,0,1,0,+5,61,More than once a week,Male
920,1,0,0,0,0,1,1,1,0,0,0,+1,55,Once a month,Female
921,1,1,0,0,0,1,0,0,1,0,0,-3,53,Once a month,Male
922,1,1,0,1,0,1,0,1,1,0,0,+4,45,Every three months,Male
923,1,1,0,1,0,1,1,1,0,0,0,+3,41,Once a month,Male
924,1,1,0,1,1,1,0,1,1,1,0,+3,30,Every three months,Male
925,0,1,0,1,0,1,1,0,0,0,0,+2,42,Once a week,Female
926,1,1,0,0,0,1,1,1,0,0,0,+3,22,Once a week,Female
927,1,1,0,1,0,1,1,1,0,0,0,+3,46,Every three months,Female
928,1,1,0,1,0,1,0,1,0,0,0,+5,43,Once a month,Male
929,1,1,0,0,0,1,1,1,0,1,0,+5,33,Once a month,Female
930,1,1,0,1,1,1,1,1,0,0,0,-2,19,Never,Female
931,1,1,0,1,1,1,0,1,1,0,0,+4,24,Once a month,Male
932,0,1,0,1,1,1,1,0,1,0,1,-4,58,Once a year,Male
933,0,1,0,1,0,1,0,0,1,0,0,0,59,Every three months,Male
934,1,1,0,1,0,1,1,1,0,0,0,+3,31,Once a month,Female
935,0,1,0,1,1,1,0,0,1,0,0,+2,37,Once a month,Female
936,0,1,1,1,1,1,1,1,0,0,0,+2,56,Once a month,Male
937,0,1,0,1,1,1,1,1,0,0,0,-2,52,Every three months,Male
938,0,0,0,1,1,1,1,0,0,0,1,-5,36,Never,Male
939,1,1,0,1,1,1,1,1,0,1,0,+4,25,Once a month,Female
940,1,1,0,1,1,1,0,1,0,0,1,0,20,Once a year,Male
941,1,0,0,1,1,1,0,1,1,0,0,+4,21,Once a month,Female
942,1,1,0,1,1,1,0,0,1,0,0,-2,59,Once a week,Female
943,0,1,0,1,0,1,1,0,0,0,0,-4,51,Once a year,Female
944,0,1,0,1,0,1,1,1,0,0,0,+2,50,Once a month,Female
945,0,1,0,1,0,1,1,0,0,0,0,0,63,Every three months,Male
946,1,1,0,1,0,1,1,1,0,0,0,+1,25,Every three months,Female
947,0,1,0,1,0,1,1,1,0,0,0,+1,51,Once a month,Male
948,0,1,0,1,1,1,1,1,0,0,0,-1,36,Once a year,Female
949,1,1,0,1,1,1,0,1,1,0,0,+3,31,Once a month,Female
950,0,1,0,1,0,1,1,0,0,0,0,+1,26,Once a month,Male
951,0,0,0,0,0,0,0,0,0,0,1,-5,30,Once a year,Male
952,1,1,0,1,0,1,1,1,0,0,0,+2,37,Once a month,Female
953,1,1,0,1,1,1,0,0,0,0,1,-1,30,Every three months,Male
954,1,1,0,1,1,1,1,1,0,1,0,+4,30,Once a month,Female
955,0,1,1,0,0,1,0,1,1,0,0,+4,55,Every three months,Female
956,0,1,0,1,1,1,1,0,0,0,0,+1,19,Once a month,Female
957,1,1,0,0,0,1,1,1,0,1,0,+5,23,More than once a week,Female
958,0,1,0,1,1,1,1,0,0,0,1,-4,26,Every three months,Female
959,0,1,0,1,0,1,1,0,0,0,0,-1,59,Once a year,Female
960,1,1,0,0,0,1,0,1,1,1,0,+4,23,Once a week,Male
961,1,1,0,1,1,1,0,1,0,0,0,+4,30,Once a month,Male
962,1,1,0,1,1,1,1,1,0,0,0,+3,18,Every three months,Female
963,0,1,0,0,1,1,1,1,0,0,1,0,51,Once a year,Male
964,0,0,0,1,1,1,0,0,1,0,1,+2,35,Once a year,Male
965,1,1,0,1,1,1,0,1,1,0,1,+3,43,Once a week,Female
966,0,1,0,1,1,1,0,1,0,0,0,0,56,Once a year,Female
967,0,1,0,1,0,1,0,0,1,0,0,+2,53,Once a week,Male
968,0,1,0,1,1,1,1,0,0,0,0,-3,47,Every three months,Female
969,1,1,0,1,1,1,0,1,0,0,0,+2,65,Every three months,Male
970,0,1,0,1,0,1,0,0,0,0,0,0,51,Never,Male
971,1,1,0,1,0,1,0,1,1,0,0,+2,33,Once a month,Female
972,1,1,0,1,1,1,0,1,1,0,0,0,61,Never,Male
973,1,1,0,1,0,1,1,1,0,0,0,0,33,Once a month,Female
974,1,1,0,1,1,1,1,1,0,1,0,0,25,Once a month,Male
975,0,1,0,1,1,1,1,1,1,0,1,-5,36,Never,Male
976,1,1,0,1,0,1,1,1,0,1,0,+5,47,Once a month,Male
977,1,1,1,1,0,1,1,1,0,1,0,+2,59,Once a month,Female
978,1,1,0,1,1,1,0,0,1,0,1,-4,37,Once a year,Female
979,1,1,1,1,1,1,1,1,0,0,0,0,22,Once a month,Male
980,0,1,0,1,1,1,1,0,0,0,1,-3,48,Every three months,Male
981,1,1,0,1,0,1,1,1,0,0,1,+2,70,Once a year,Male
982,0,0,0,1,1,1,1,0,1,0,1,-5,51,Never,Male
983,0,1,0,1,0,1,1,0,0,0,0,+3,23,Once a month,Female
984,1,1,1,1,1,1,1,1,1,1,0,+5,28,Every three months,Female
985,1,1,0,1,1,1,0,1,1,0,1,+4,39,Once a week,Male
986,0,1,0,0,0,1,0,1,0,1,0,+4,62,Every three months,Female
987,1,1,0,1,0,1,0,1,1,0,0,+5,25,Once a week,Female
988,1,1,0,1,1,1,0,0,1,0,0,+2,27,Every three months,Female
989,0,1,0,0,0,1,0,0,0,0,0,-2,59,Every three months,Female
990,0,1,1,1,1,1,1,0,0,0,0,-3,65,Every three months,Male
991,0,0,0,0,0,0,0,1,1,0,0,-4,54,Every three months,Female
992,1,1,0,1,0,1,1,1,0,1,0,+3,64,Every three months,Male
993,1,1,0,0,0,1,0,1,0,0,0,+2,49,Once a month,Female
994,1,1,0,1,1,1,1,1,1,0,0,+5,22,More than once a week,Female
995,1,1,0,1,1,1,1,1,0,0,0,+3,35,Once a month,Male
996,1,1,0,1,1,1,0,1,1,0,0,+4,41,More than once a week,Female
997,1,1,0,1,0,1,1,1,1,1,1,+1,32,Every three months,Male
998,1,1,0,1,1,1,0,1,0,0,0,+5,24,Once a week,Female
999,1,1,0,0,0,1,1,1,0,1,0,+5,52,Once a week,Female
1000,0,0,0,1,1,1,0,0,1,0,1,-5,44,Once a year,Male
1001,1,1,0,1,0,1,1,1,0,0,0,+4,38,Once a month,Female
1002,1,1,0,1,1,1,1,1,0,0,0,+3,43,Once a week,Female
1003,1,1,0,1,1,1,1,1,0,0,0,+1,32,Once a year,Female
1004,0,1,0,1,0,1,0,0,1,0,0,-1,38,Every three months,Male
1005,0,1,0,1,1,1,1,0,0,0,0,0,63,Never,Female
1006,1,1,0,1,0,1,0,1,0,1,0,+3,46,Every three months,Female
1007,1,1,0,1,0,1,0,1,0,0,1,+3,29,Every three months,Female
1008,0,0,0,1,1,0,0,0,1,0,1,-5,61,Never,Female
1009,1,1,0,1,1,0,0,0,1,0,0,+2,47,Every three months,Male
1010,1,1,0,1,1,1,0,1,1,0,0,+3,31,Once a month,Male
1011,0,1,0,0,0,1,1,1,0,1,0,+3,35,Once a week,Male
1012,1,1,0,1,0,1,1,1,0,0,0,+3,64,Every three months,Male
1013,1,1,0,1,1,1,1,1,0,0,0,+2,26,Once a month,Female
1014,0,1,1,1,1,1,1,0,0,0,0,-1,55,Once a year,Female
1015,1,1,0,1,1,1,1,1,0,0,0,+3,46,More than once a week,Female
1016,1,1,0,0,0,1,1,1,0,0,0,+5,52,Once a month,Male
1017,0,1,0,1,1,1,0,0,1,0,1,-5,50,Never,Female
1018,1,1,0,1,1,1,1,1,0,0,0,+3,33,Once a month,Male
1019,1,1,0,1,0,1,1,1,0,0,0,+5,30,Once a month,Female
1020,0,1,0,1,0,1,0,0,0,0,0,+3,46,Once a week,Female
1021,0,1,0,1,0,1,1,0,0,0,1,0,60,Once a year,Female
1022,1,1,0,1,0,0,1,1,0,0,0,+3,27,More than once a week,Male
1023,1,1,0,1,0,1,1,1,0,0,0,+2,51,Every three months,Female
1024,1,1,0,0,0,1,1,1,0,1,0,+4,41,Once a month,Female
1025,1,1,0,1,0,1,1,1,0,0,0,+2,67,Once a month,Female
1026,0,0,0,1,1,0,0,0,1,0,1,-5,63,Never,Female
1027,1,1,0,1,0,1,0,1,0,1,0,+3,65,Every three months,Female
1028,0,1,0,1,1,0,0,0,1,0,1,0,59,Once a month,Male
1029,1,1,0,1,1,1,0,1,1,0,0,0,34,Once a year,Female
1030,0,1,0,1,1,1,1,1,0,0,0,0,34,Once a year,Female
1031,1,1,0,1,1,1,1,1,0,0,0,+4,53,Once a week,Female
1032,1,1,0,1,0,1,1,1,0,1,0,+2,31,Once a week,Female
1033,1,1,0,0,0,1,1,1,0,1,0,+5,58,Once a month,Female
1034,1,1,0,0,0,1,1,1,0,0,0,+2,39,Once a week,Male
1035,1,1,1,1,0,1,1,1,0,0,0,+4,66,Once a month,Male
1036,1,1,0,1,0,1,1,1,0,0,0,0,55,Once a month,Male
1037,1,1,0,1,0,1,0,1,1,0,0,+5,28,Once a month,Female
1038,1,1,0,1,1,0,0,1,1,0,1,-5,34,Once a month,Female
1039,1,1,0,1,0,1,0,1,1,0,0,+4,24,Once a month,Male
1040,1,1,1,0,0,1,1,0,0,1,0,0,59,Every three months,Female
1041,1,1,0,0,0,1,1,1,0,1,0,+3,67,Every three months,Female
1042,0,1,0,1,1,1,1,0,0,0,1,+1,52,Once a month,Female
1043,0,1,0,1,0,1,0,1,1,0,0,+2,41,Once a week,Male
1044,1,1,0,1,0,1,1,1,0,1,0,+5,37,Once a month,Female
1045,1,1,0,1,1,1,1,1,0,0,0,+5,18,Once a week,Male
1046,1,1,0,0,0,1,1,1,0,1,0,+4,63,Once a week,Male
1047,1,1,1,1,1,1,1,1,0,0,0,+4,24,Once a week,Male
1048,1,1,0,0,0,1,1,1,0,0,0,+5,57,More than once a week,Male
1049,1,1,0,1,0,1,1,1,0,0,0,0,40,Once a month,Male
1050,1,1,0,1,1,1,0,1,1,0,0,+2,20,Once a month,Male
1051,1,1,0,1,1,1,0,1,0,0,0,+1,55,Every three months,Male
1052,1,1,0,1,1,1,0,1,1,1,0,+2,18,Once a year,Female
1053,1,1,0,1,0,0,0,0,1,0,0,+1,42,Once a month,Male
1054,0,1,0,1,0,1,1,0,1,0,1,-4,47,Once a year,Female
1055,0,1,0,1,0,1,0,0,1,0,0,+3,40,Every three months,Male
1056,1,1,0,1,0,1,1,1,0,1,0,+3,35,Once a month,Female
1057,1,1,0,1,1,1,1,0,0,0,0,+1,64,Once a month,Male
1058,0,1,0,1,1,0,1,1,0,0,1,-2,50,Every three months,Female
1059,1,1,0,0,0,1,1,1,0,1,0,+5,55,Once a week,Female
1060,0,0,0,1,1,1,1,0,0,0,1,-4,64,Never,Female
1061,0,1,0,1,1,1,0,0,1,0,1,-4,49,Once a year,Female
1062,1,1,0,0,0,0,0,1,1,0,0,0,49,Every three months,Male
1063,0,1,0,1,0,1,1,0,0,0,0,+3,49,Once a week,Female
1064,0,1,0,1,1,1,0,0,1,0,1,-4,50,Every three months,Male
1065,1,1,0,1,0,1,0,1,1,1,0,0,65,Once a year,Male
1066,0,1,1,1,1,1,0,0,1,0,1,-5,49,Once a week,Male
1067,1,1,0,1,1,1,1,1,0,0,0,+4,36,Once a month,Male
1068,1,1,0,1,1,1,0,1,1,1,0,+4,31,More than once a week,Female
1069,1,1,0,1,1,1,1,1,0,0,0,+5,25,Once a week,Female
1070,1,1,0,1,0,1,1,1,0,0,0,+3,51,Once a month,Male
1071,0,1,0,1,0,0,0,0,1,0,0,+1,41,Once a week,Male
1072,0,1,0,1,1,1,1,0,0,0,0,-1,58,Once a year,Female
1073,0,1,1,1,0,1,1,1,0,0,0,0,69,Once a month,Male
1074,1,1,0,1,0,1,1,1,0,0,0,+3,22,Once a week,Female
1075,1,1,0,1,0,1,0,1,1,0,0,+5,39,Once a month,Male
1076,0,1,0,1,1,0,1,0,0,0,0,-2,58,Once a month,Female
1077,0,1,0,0,1,0,0,0,1,0,0,-1,47,Once a month,Male
1078,0,1,0,1,0,1,0,1,1,0,0,+1,62,Once a week,Male
1079,1,1,0,1,0,1,1,1,0,0,0,+3,49,Once a month,Male
1080,0,1,1,1,0,1,1,1,0,0,0,-3,65,Once a year,Female
1081,1,1,0,1,0,1,1,1,0,1,0,+5,39,Once a week,Female
1082,0,1,0,1,1,0,1,0,0,0,1,-3,33,Once a year,Female
1083,1,1,0,1,0,0,0,1,1,0,0,+4,33,Once a week,Male
1084,0,1,0,1,0,1,0,1,1,0,0,+1,64,Once a month,Male
1085,0,1,0,1,1,1,1,1,0,0,0,-2,18,Once a year,Male
1086,1,1,0,1,0,1,1,1,0,1,0,+1,67,Once a month,Male
1087,0,1,0,1,0,1,0,0,1,0,1,-5,62,Once a year,Female
1088,0,1,0,1,1,1,1,1,0,0,0,-4,56,Never,Female
1089,0,1,0,1,1,0,1,1,0,1,0,-5,36,Once a month,Female
1090,0,1,0,1,0,0,0,1,0,1,0,+1,68,Once a year,Male
1091,1,1,0,0,0,1,0,1,0,1,0,+3,42,Once a month,Female
1092,1,1,0,1,0,0,0,1,1,0,0,+2,39,Once a week,Male
1093,1,1,0,1,1,1,1,1,0,0,0,+3,24,Once a month,Female
1094,1,1,0,1,1,1,0,1,1,0,0,+4,38,Once a week,Female
1095,1,1,0,0,0,1,0,1,1,0,0,+5,52,Once a week,Male
1096,1,1,0,0,0,1,1,1,0,1,0,+2,43,Once a week,Female
1097,0,1,0,1,0,1,1,0,0,0,0,0,57,Every three months,Male
1098,0,1,1,1,1,1,1,0,0,0,0,-4,59,Once a year,Female
1099,0,0,0,1,0,0,0,1,0,0,1,-5,57,Never,Female
1100,1,1,0,1,0,1,1,1,0,0,0,0,43,Every three months,Male
1101,1,1,0,1,1,1,1,1,0,1,0,+5,25,Once a week,Female
1102,1,1,0,1,0,1,1,1,0,1,0,+2,61,Every three months,Female
1103,1,1,0,1,1,1,0,1,1,0,0,+5,25,Once a month,Female
1104,0,0,0,1,1,1,0,0,1,0,1,-5,70,Once a year,Female
1105,0,1,0,1,1,1,1,0,0,0,0,+2,54,Every three months,Male
1106,1,1,1,1,0,1,1,1,0,0,0,+5,60,Every three months,Male
1107,0,1,0,1,1,1,0,0,0,0,0,-4,59,Once a year,Male
1108,0,0,0,1,1,0,0,0,1,0,1,-5,66,Never,Male
1109,1,1,0,1,0,0,1,0,0,1,0,+4,51,Once a week,Male
1110,1,1,0,1,0,1,0,1,1,0,0,+1,57,Once a month,Female
1111,0,1,0,1,1,1,1,0,0,0,0,+2,61,Every three months,Female
1112,1,1,0,1,1,0,0,1,1,1,0,+3,31,Once a month,Female
1113,1,1,0,1,1,1,0,1,1,0,0,+2,27,Once a week,Male
1114,1,1,0,1,1,1,1,1,0,0,0,+3,36,Once a week,Male
1115,0,1,0,1,1,1,0,0,1,0,1,-5,45,Never,Female
1116,0,1,0,1,1,1,1,0,0,0,1,-3,53,Every three months,Female
1117,0,1,0,0,0,1,1,1,0,1,0,+3,42,Once a year,Female
1118,0,1,0,1,1,1,1,1,0,0,0,0,50,Once a year,Female
1119,0,1,0,1,0,1,1,0,0,0,1,+2,51,Once a month,Female
1120,0,0,0,1,1,1,0,0,1,0,1,-4,36,Never,Male
1121,1,1,0,1,0,1,0,1,0,0,0,-1,55,More than once a week,Female
1122,0,1,0,1,1,1,0,1,0,0,0,0,67,Every three months,Male
1123,1,1,0,0,0,1,1,1,0,0,0,0,56,Once a month,Male
1124,0,1,0,1,1,1,1,0,0,0,0,0,70,Once a year,Female
1125,0,0,1,1,1,1,1,1,0,0,1,-5,58,Once a year,Female
1126,0,0,0,1,1,1,0,0,1,0,1,-5,44,Never,Male
1127,0,1,0,1,0,1,1,0,1,0,0,-5,52,Once a year,Female
1128,1,1,0,1,1,1,1,0,0,0,0,-3,61,Once a year,Female
1129,1,1,0,1,0,1,1,1,0,0,0,+3,33,Once a month,Female
1130,1,1,0,1,1,1,1,1,0,0,0,+4,30,Once a month,Female
1131,0,0,0,1,1,0,0,0,1,0,1,-5,37,Every three months,Male
1132,1,1,0,1,1,1,0,1,1,0,0,+3,26,Every three months,Male
1133,0,1,1,1,0,1,0,0,1,0,0,0,65,Once a year,Female
1134,1,1,0,1,0,1,1,1,0,0,0,+5,38,Once a month,Female
1135,1,1,0,1,0,1,1,1,0,0,0,+1,29,Once a week,Female
1136,0,1,1,1,0,1,0,0,1,0,1,-5,62,Never,Female
1137,0,1,0,1,0,1,1,1,0,0,0,+4,21,Once a week,Male
1138,0,1,0,1,0,1,1,0,0,0,0,-3,35,Once a year,Female
1139,1,0,0,1,1,1,1,1,1,0,1,+5,27,Every three months,Male
1140,0,0,0,1,1,1,0,0,1,0,1,-5,19,Never,Male
1141,1,1,0,1,1,1,0,1,0,0,0,+5,29,Every three months,Male
1142,1,1,0,1,0,1,0,0,1,0,0,+3,29,Once a week,Male
1143,1,1,0,1,1,1,1,1,0,0,0,+4,29,Once a week,Male
1144,1,1,0,1,0,1,1,1,0,0,0,+3,31,Once a week,Female
1145,1,1,0,1,1,1,1,1,0,0,0,+1,55,Once a month,Female
1146,1,1,0,1,1,1,1,1,0,0,0,+2,36,Every three months,Male
1147,0,1,0,1,1,1,1,1,0,0,1,+1,48,Once a year,Female
1148,1,1,0,1,1,1,1,1,0,0,0,+2,23,Every three months,Female
1149,1,1,0,1,1,1,1,1,0,0,0,+5,35,Once a month,Male
1150,0,1,0,1,0,1,1,0,0,0,1,0,29,Never,Male
1151,0,1,0,1,1,1,1,1,0,0,1,0,52,Every three months,Female
1152,1,1,0,1,1,1,1,1,0,0,0,+4,32,Once a week,Male
1153,0,1,0,1,0,1,1,0,0,0,0,+3,39,Once a week,Female
1154,1,1,0,1,0,1,1,1,0,0,0,+3,55,Once a month,Female
1155,1,1,0,1,0,1,1,1,0,0,0,+1,41,Once a week,Male
1156,0,1,0,1,1,1,1,0,0,0,1,-5,55,Never,Female
1157,1,1,0,1,0,1,1,1,0,0,0,+5,29,Once a month,Female
1158,1,1,0,0,0,1,1,1,0,1,0,+3,35,Once a week,Male
1159,1,1,0,0,0,1,1,1,1,1,0,+5,44,Once a week,Male
1160,0,1,0,1,0,1,1,1,0,1,0,+1,60,Every three months,Female
1161,1,1,0,1,0,1,0,1,1,0,0,+5,40,Once a month,Female
1162,0,1,1,1,1,1,0,0,0,0,0,-5,45,Once a year,Female
1163,0,1,0,1,1,1,1,0,0,0,0,-2,37,Once a year,Female
1164,1,1,0,0,0,1,1,1,1,1,0,+5,30,Once a week,Male
1165,1,1,0,1,0,1,0,1,0,0,0,+1,53,Once a month,Male
1166,0,1,0,1,1,1,0,0,1,0,1,-5,33,Once a month,Male
1167,0,1,0,1,0,1,0,0,0,0,0,-1,37,Every three months,Male
1168,1,1,0,1,1,1,1,1,0,0,0,+4,33,Once a month,Male
1169,1,1,0,1,0,0,1,1,0,1,0,+5,37,Once a week,Female
1170,1,1,0,1,1,1,0,0,0,0,0,+1,57,Every three months,Male
1171,0,0,0,1,1,1,1,0,0,0,1,-5,53,Never,Female
1172,1,1,0,1,0,1,0,1,0,1,0,+3,46,More than once a week,Female
1173,0,1,0,1,1,1,0,1,1,0,1,0,62,Every three months,Male
1174,1,1,0,1,0,1,1,1,0,0,0,+5,53,Once a month,Female
1175,0,1,0,1,0,1,1,0,0,0,1,-1,53,Once a year,Male
1176,1,1,0,1,1,1,1,1,0,1,0,+4,35,Once a month,Female
1177,0,1,0,0,1,1,0,0,1,0,1,-3,52,Once a year,Male
1178,1,1,0,1,1,1,1,1,0,0,0,+3,23,Once a month,Female
1179,0,1,0,1,1,1,0,0,1,0,1,0,57,Never,Female
1180,1,0,0,1,1,1,0,1,1,0,0,+4,29,Once a week,Female
1181,1,1,1,1,1,1,0,1,1,1,0,0,35,Once a year,Female
1182,0,0,0,1,1,1,0,0,1,0,1,-4,44,Every three months,Male
1183,0,1,0,1,1,0,1,0,0,0,1,-5,57,Every three months,Female
1184,1,1,0,1,0,1,0,1,1,0,0,+4,49,Once a month,Male
1185,1,1,1,0,0,1,1,1,0,1,0,+4,63,Once a month,Male
1186,1,1,0,1,1,1,1,1,0,0,0,+4,50,Once a week,Male
1187,1,1,0,1,1,1,1,1,0,0,0,+3,69,Once a month,Male
1188,1,1,0,0,0,1,0,1,1,1,0,+5,55,Once a week,Male
1189,0,1,0,0,0,1,1,0,0,0,0,+2,44,Once a week,Female
1190,0,1,0,1,0,1,1,0,0,1,0,+1,65,Once a year,Female
1191,1,1,0,1,1,0,0,1,1,0,1,+3,30,Every three months,Female
1192,0,1,0,1,0,1,0,0,0,0,0,-2,70,Once a year,Female
1193,0,0,0,1,1,0,0,0,1,0,1,-2,67,Every three months,Female
1194,0,1,1,1,1,1,0,1,1,0,0,0,60,Every three months,Male
1195,1,1,0,1,1,1,0,1,1,0,0,+2,31,Every three months,Female
1196,1,1,0,1,1,1,1,1,0,1,0,+3,50,Once a week,Female
1197,0,1,0,1,1,1,0,0,1,0,1,-5,66,Once a year,Female
1198,1,1,0,1,1,1,1,1,0,1,0,+3,24,Once a month,Male
1199,1,1,0,1,1,1,0,0,0,0,0,+3,50,Once a month,Female
1200,1,1,0,1,0,1,1,1,0,0,0,0,42,Once a week,Female
1201,1,1,0,1,1,1,1,1,0,1,0,+5,23,Once a week,Female
1202,1,1,0,1,1,1,0,1,1,0,0,+3,24,Once a month,Female
1203,1,1,0,1,0,1,1,1,0,0,0,+3,57,Once a month,Male
1204,0,1,0,1,0,1,0,0,1,0,0,-5,64,Never,Male
1205,0,0,0,0,0,1,1,1,0,0,0,+1,63,Once a month,Female
1206,1,1,1,1,1,1,1,1,0,0,1,-1,62,Once a year,Female
1207,1,1,0,1,1,1,0,1,1,0,0,+5,19,Once a week,Female
1208,1,1,0,1,0,1,0,1,1,0,0,+5,22,Every three months,Female
1209,1,1,0,1,1,0,1,1,0,0,1,+1,20,Every three months,Female
1210,1,1,0,1,0,1,1,1,0,0,0,+1,32,Once a month,Female
1211,1,1,0,1,0,1,1,1,0,1,0,+2,22,Every three months,Female
1212,0,1,0,1,1,1,0,0,1,0,1,-2,28,Once a year,Female
1213,1,1,0,0,0,1,1,1,0,1,1,+4,47,Once a month,Female
1214,0,1,0,1,0,1,1,0,0,0,0,0,63,Once a month,Male
1215,1,1,0,1,1,1,0,1,1,1,1,-4,44,Every three months,Male
1216,1,1,0,1,1,1,0,1,0,0,0,+1,27,Once a year,Female
1217,0,1,0,1,1,1,1,0,0,0,0,-2,22,Once a month,Male
1218,0,1,0,1,1,1,1,1,0,0,0,-2,66,Never,Female
1219,0,1,0,1,1,1,1,1,0,0,0,+1,68,Every three months,Male
1220,0,1,1,1,1,1,1,1,1,0,1,-5,59,Never,Male
1221,1,1,0,1,1,0,1,1,0,0,0,+3,20,Once a month,Female
1222,1,1,0,1,1,1,0,1,1,0,0,+3,39,Once a week,Female
1223,0,1,0,1,1,1,1,0,0,0,1,0,24,Every three months,Female
1224,0,1,0,1,0,1,1,0,0,0,0,+3,49,Once a week,Male
1225,0,1,0,1,1,0,0,0,1,0,1,-1,42,Every three months,Male
1226,1,1,0,1,1,1,1,1,0,0,0,+4,20,Every three months,Female
1227,0,0,0,1,1,0,0,0,1,0,1,-5,27,Once a year,Female
1228,0,1,0,1,1,1,1,0,0,0,1,-3,22,Never,Female
1229,0,1,0,1,1,1,1,0,0,0,1,-5,26,Once a year,Male
1230,1,1,1,0,0,1,1,1,0,1,0,+4,58,Once a week,Male
1231,0,0,0,1,1,0,0,0,1,0,1,-5,35,Once a year,Male
1232,0,1,0,1,1,1,1,1,0,0,0,0,28,Once a week,Male
1233,0,1,0,1,1,1,1,0,0,0,0,-4,60,Never,Female
1234,0,1,0,1,1,1,0,0,0,0,0,-5,61,Every three months,Female
1235,1,1,0,1,0,1,0,1,1,0,0,+3,59,Once a month,Male
1236,0,1,0,1,1,1,1,0,0,0,0,+1,64,Every three months,Female
1237,0,1,0,1,1,1,0,1,1,0,1,0,19,Never,Female
1238,0,1,1,0,0,1,1,1,0,0,0,-2,69,Every three months,Female
1239,0,1,0,0,1,1,0,1,0,0,0,+2,44,Once a month,Male
1240,1,1,0,1,1,1,1,1,0,0,0,+2,29,Once a week,Female
1241,0,1,0,1,1,1,1,0,0,0,0,0,27,Every three months,Male
1242,1,1,0,1,1,1,1,1,0,0,1,+5,26,Every three months,Male
1243,0,1,0,1,1,1,1,0,0,0,0,-1,59,Once a year,Female
1244,1,1,0,1,1,1,0,0,1,0,0,-3,40,Once a year,Male
1245,1,1,0,1,0,1,1,1,1,0,1,+5,32,Once a year,Male
1246,0,1,0,0,0,1,1,0,0,0,1,-3,49,Every three months,Female
1247,1,1,0,1,0,0,0,1,1,0,0,+2,58,Every three months,Male
1248,1,1,0,1,0,1,1,1,0,1,0,+5,44,Once a week,Female
1249,0,1,0,1,0,1,0,0,0,0,1,-2,54,Every three months,Male
1250,1,1,0,1,1,1,1,1,0,0,0,+1,31,Once a week,Female
1251,1,1,0,1,0,1,1,1,0,0,0,0,45,Every three months,Female
1252,0,1,0,1,0,1,1,1,0,0,0,+1,50,Every three months,Male
1253,1,1,0,1,1,1,0,1,1,0,0,+1,23,Once a month,Male
1254,0,1,0,1,0,1,0,0,1,0,1,-3,45,Once a year,Female
1255,0,1,0,0,1,1,0,1,1,0,0,+3,30,Once a week,Male
1256,1,1,0,1,1,1,1,1,0,0,1,+5,31,Every three months,Male
1257,0,1,0,1,1,1,1,1,0,0,1,+2,40,Every three months,Female
1258,1,1,0,0,0,1,1,1,0,1,0,+4,63,Once a month,Male
1259,1,1,0,1,0,1,1,1,0,1,0,+3,62,Every three months,Female
1260,1,1,0,1,1,1,0,1,1,0,0,+5,22,More than once a week,Male
1261,1,1,0,0,0,1,1,1,0,1,0,+3,45,Once a month,Female
1262,1,1,1,1,1,1,0,1,1,0,0,0,54,Every three months,Female
1263,0,0,0,0,0,0,0,0,0,0,0,-5,70,Never,Female
1264,1,1,0,1,1,1,1,1,0,0,1,0,40,Once a month,Male
1265,0,1,0,1,1,1,1,0,0,0,0,-1,43,Every three months,Male
1266,1,1,0,1,1,1,0,1,1,1,0,+2,43,Once a week,Male
1267,0,1,0,1,1,1,0,1,1,0,1,-2,47,Once a year,Female
1268,0,1,0,1,1,1,1,0,0,0,0,-4,29,Once a year,Female
1269,1,1,0,1,1,1,1,1,0,0,0,+4,66,Once a week,Female
1270,0,1,0,1,1,1,0,0,1,0,1,-1,22,Every three months,Male
1271,1,1,0,0,0,1,1,1,0,1,0,+3,64,Every three months,Female
1272,1,1,0,1,1,1,0,1,1,0,0,0,38,Once a month,Male
1273,1,1,0,0,0,0,0,0,0,0,0,-1,54,Every three months,Male
1274,0,0,0,1,1,1,0,0,1,0,1,-5,42,Once a year,Male
1275,0,1,0,1,1,1,1,0,0,0,0,-4,68,Every three months,Female
1276,0,1,1,1,1,1,1,0,0,0,1,-5,65,Never,Female
1277,1,1,0,1,1,1,1,1,0,1,0,+3,18,Once a month,Female
1278,0,1,0,1,0,1,1,1,0,0,0,+3,53,Every three months,Female
1279,1,1,0,1,0,1,0,1,1,0,0,+2,42,Once a month,Female
1280,1,1,0,1,0,1,0,1,0,0,0,+5,30,Once a month,Female
1281,1,1,0,1,0,1,1,1,0,1,0,+2,53,Once a year,Male
1282,1,1,0,1,1,1,1,1,0,0,0,+4,27,Once a month,Male
1283,1,1,0,1,1,1,1,1,0,0,0,+3,23,Once a week,Male
1284,0,0,0,0,0,0,0,0,1,0,1,-5,40,Once a year,Male
1285,1,0,0,1,0,1,1,1,0,0,0,+3,60,Every three months,Male
1286,0,1,0,1,1,1,0,0,1,0,0,0,59,Once a week,Male
1287,0,0,0,1,1,0,0,0,1,0,1,-3,49,Once a month,Male
1288,0,1,0,1,1,1,0,0,1,0,1,0,44,Once a month,Male
1289,0,0,0,1,1,1,0,0,1,0,1,-4,62,Never,Male
1290,1,1,0,1,0,1,0,1,1,0,0,0,37,Once a month,Female
1291,1,1,0,1,1,1,1,1,0,0,0,+3,26,Once a month,Female
1292,0,1,0,1,1,1,1,1,0,0,1,-4,58,Once a year,Female
1293,1,1,0,1,1,0,0,1,1,1,0,+5,30,Once a week,Female
1294,0,1,0,1,1,1,1,0,0,0,0,+1,51,Every three months,Female
1295,0,1,0,1,0,1,0,0,1,0,0,+3,60,Once a month,Male
1296,1,1,0,1,0,0,0,1,1,0,0,+3,35,Once a month,Female
1297,1,1,1,1,0,1,1,1,0,0,0,+2,60,Once a week,Female
1298,0,1,0,1,0,1,1,0,0,0,0,-5,65,Once a year,Female
1299,0,1,0,1,0,1,1,1,0,0,0,+2,58,Every three months,Female
1300,0,0,0,1,1,1,1,0,0,0,1,-5,49,Never,Male
1301,1,1,0,1,1,1,1,1,0,0,0,+1,58,Every three months,Female
1302,1,1,0,1,1,0,1,1,0,0,0,+3,26,Every three months,Female
1303,1,1,0,1,1,1,1,0,0,0,0,0,59,Every three months,Male
1304,1,1,1,1,1,1,0,1,0,0,1,-1,28,Once a month,Female
1305,0,1,0,1,1,1,0,1,0,0,0,+1,24,Every three months,Female
1306,1,1,0,1,1,1,0,1,1,0,0,+3,36,More than once a week,Male
1307,0,0,1,1,1,0,1,0,0,1,1,-5,66,Once a year,Male
1308,0,1,0,0,0,1,1,0,0,0,0,0,58,Every three months,Male
1309,0,1,0,1,1,1,1,1,0,0,0,-1,31,Once a month,Female
1310,1,1,0,1,0,1,1,1,0,0,0,+4,27,More than once a week,Male
1311,1,1,0,1,1,1,1,1,1,0,1,+4,20,Once a week,Male
1312,1,1,0,0,0,1,0,1,1,1,0,+5,37,Once a week,Male
1313,1,1,0,1,0,1,1,1,0,0,0,+1,34,Once a month,Female
1314,0,0,0,1,1,1,1,0,0,0,1,-5,47,Never,Male
1315,1,1,0,1,1,1,1,1,0,0,0,+4,25,Every three months,Female
1316,0,1,1,1,1,1,0,1,1,0,1,-5,67,Once a year,Male
1317,1,1,0,0,0,0,1,1,0,0,0,+4,57,Once a month,Female
1318,1,1,0,1,0,1,1,1,0,0,0,+3,48,Once a week,Female
1319,1,1,0,0,0,1,1,1,0,1,0,+3,64,Once a month,Female
1320,0,1,0,1,1,1,0,0,1,0,1,-5,38,Every three months,Female
1321,0,1,0,1,1,0,0,0,1,0,1,-3,44,Once a year,Male
1322,1,1,0,1,0,1,1,1,0,0,0,+3,47,Once a month,Female
1323,0,1,0,1,1,1,1,1,1,0,0,-4,53,Every three months,Female
1324,1,1,1,0,0,1,1,1,0,0,0,+5,37,Once a month,Male
1325,1,0,0,1,1,1,0,1,1,0,0,+5,25,Every three months,Male
1326,0,1,0,1,0,1,0,1,1,0,0,+4,21,More than once a week,Male
1327,0,1,0,1,1,0,0,0,1,0,1,-5,60,Never,Female
1328,0,1,0,1,0,1,0,0,1,1,0,-2,48,Once a year,Female
1329,0,1,0,1,1,1,0,0,1,0,0,-4,38,Once a year,Female
1330,1,1,0,1,1,1,0,1,1,0,0,+3,24,Once a month,Male
1331,0,1,0,1,1,1,0,0,1,0,0,+3,26,Once a month,Male
1332,1,1,0,1,1,1,0,1,1,0,0,+4,40,Once a week,Female
1333,1,1,0,1,0,1,0,1,1,0,0,+2,62,Once a month,Male
1334,1,1,0,1,0,1,1,1,0,0,0,+1,26,Every three months,Male
1335,0,1,0,1,0,1,1,1,0,0,0,0,65,Once a month,Female
1336,0,1,0,1,1,0,0,1,1,0,0,+2,50,Once a month,Male
1337,0,0,0,0,0,1,1,0,0,0,0,0,26,Never,Female
1338,0,1,0,1,1,1,1,0,0,0,0,-2,44,Every three months,Female
1339,0,1,0,1,0,1,0,0,0,0,0,0,48,Once a week,Male
1340,0,1,0,1,1,1,0,0,1,0,1,0,29,Once a month,Female
1341,0,1,0,1,1,1,0,0,0,0,0,-4,60,Once a year,Female
1342,1,1,1,1,0,1,1,1,0,1,0,+5,18,More than once a week,Male
1343,0,1,0,1,1,1,1,0,0,0,1,-3,37,Once a year,Female
1344,1,1,0,1,0,1,1,0,1,0,1,-3,55,Once a year,Female
1345,0,1,0,1,1,1,1,0,0,0,0,+2,39,Every three months,Female
1346,1,1,0,1,0,1,0,1,1,1,0,+4,55,Once a month,Male
1347,1,1,1,1,1,1,1,1,0,0,0,+1,18,Every three months,Male
1348,1,1,0,1,0,1,0,1,1,0,0,+5,21,Once a week,Female
1349,1,1,0,1,0,1,0,1,1,1,0,+2,31,Once a month,Male
1350,1,1,0,1,0,1,1,1,0,1,0,+3,28,Once a month,Female
1351,1,1,0,1,1,1,0,1,1,0,0,+4,39,Once a month,Male
1352,0,1,0,1,0,1,1,1,0,0,0,+1,51,Every three months,Male
1353,1,1,0,1,1,1,1,1,0,1,0,+5,18,Once a week,Female
1354,0,1,0,1,0,1,1,0,0,0,1,-5,44,Never,Female
1355,0,1,1,1,1,1,1,0,0,0,1,-4,66,Never,Male
1356,0,1,0,1,1,1,1,0,0,0,1,-3,34,Once a year,Female
1357,1,1,0,1,0,1,1,1,0,0,0,+1,53,Every three months,Female
1358,0,0,0,1,1,1,0,0,1,0,0,-3,42,Once a year,Male
1359,1,1,0,1,1,1,1,1,0,0,0,+3,38,Every three months,Female
1360,1,1,0,1,1,1,1,1,0,0,0,+3,29,Once a month,Female
1361,0,1,0,1,1,1,0,1,0,0,0,0,57,Every three months,Male
1362,1,1,0,1,0,1,1,1,1,1,0,+5,26,Once a week,Male
1363,1,1,0,1,0,1,0,1,1,0,0,+3,30,Once a week,Female
1364,0,1,0,1,0,1,1,1,0,0,1,+1,46,Every three months,Male
1365,0,1,0,1,0,1,1,0,0,0,0,0,61,Every three months,Male
1366,1,1,0,1,0,1,1,1,0,0,0,0,39,Once a week,Male
1367,1,1,0,1,0,1,1,1,0,0,0,+3,62,Every three months,Male
1368,1,1,0,1,0,1,1,1,1,1,0,+4,43,Once a month,Female
1369,1,1,0,1,1,1,1,1,0,0,0,+3,36,Once a month,Female
1370,1,1,0,0,1,1,1,1,0,0,0,+3,60,Every three months,Female
1371,0,1,0,1,0,1,1,0,0,0,0,-4,54,Once a year,Female
1372,0,1,0,1,0,1,1,1,0,0,0,0,48,Once a week,Male
1373,1,1,0,1,1,1,1,1,0,0,0,+2,20,Once a month,Male
1374,1,1,0,1,1,1,1,1,0,0,0,+2,27,Once a month,Female
1375,0,1,0,1,0,1,1,1,0,0,0,-1,68,Once a month,Female
1376,0,1,0,1,1,1,1,1,0,0,0,-1,70,Once a month,Male
1377,1,1,0,1,1,1,1,1,0,0,0,+3,28,Once a month,Female
1378,0,1,0,1,1,1,1,0,0,0,1,-5,59,Never,Female
1379,0,1,0,0,0,1,1,0,0,0,0,-2,45,Once a year,Male
1380,1,1,0,0,0,1,0,1,1,1,0,+2,67,Every three months,Male
1381,1,1,0,1,1,1,0,0,1,0,1,+3,26,Once a week,Female
1382,0,0,0,1,1,1,0,0,1,0,1,-5,42,Never,Male
1383,0,1,0,0,0,1,1,0,0,0,0,+4,55,Once a week,Male
1384,0,1,0,1,1,1,0,0,0,0,1,-2,30,Once a year,Female
1385,1,1,0,0,0,1,0,1,0,1,0,+5,33,Once a week,Male
1386,0,1,0,1,0,1,1,0,0,0,0,-3,60,Every three months,Female
1387,1,1,0,1,0,1,1,1,0,0,0,+3,57,Once a month,Female
1388,0,1,0,1,1,1,1,1,0,0,0,0,44,Once a month,Male
1389,1,1,1,1,0,1,1,1,0,0,0,+4,59,Every three months,Female
1390,0,0,0,1,1,1,1,0,0,0,1,-5,35,Never,Male
1391,0,1,0,1,1,1,1,0,0,0,0,+1,60,Once a year,Male
1392,0,1,0,1,1,1,1,0,0,1,1,-5,67,Never,Female
1393,1,1,0,1,1,1,1,1,0,0,0,+4,29,Once a week,Female
1394,1,1,0,1,1,1,1,1,0,0,0,+4,22,Once a month,Female
1395,1,0,0,0,0,1,0,1,0,0,0,+4,54,Once a year,Female
1396,1,1,0,1,0,1,0,1,1,1,0,+3,21,More than once a week,Female
1397,0,1,1,0,0,1,0,1,0,0,0,+4,62,Once a month,Female
1398,0,1,0,1,1,1,1,0,0,0,1,-5,53,Never,Male
1399,0,1,0,1,1,1,0,0,1,0,1,-4,37,Once a year,Female
1400,1,1,0,1,1,1,1,1,0,1,0,+5,44,Once a week,Female
1401,0,1,0,1,1,1,1,0,0,0,1,-5,52,Never,Female
1402,0,1,0,1,0,1,0,0,1,0,0,+1,55,Every three months,Male
1403,0,1,0,1,1,1,0,0,0,0,1,-3,32,Once a year,Female
1404,0,0,0,1,1,0,0,0,1,0,1,-5,32,Once a month,Female
1405,1,1,0,1,0,1,0,1,1,0,0,+2,47,Every three months,Male
1406,0,1,0,1,1,1,0,0,0,0,1,-5,31,Once a year,Male
1407,0,1,0,1,0,1,0,1,1,0,0,+1,55,Once a year,Male
1408,0,1,0,1,1,1,0,0,1,1,0,-4,60,Once a year,Female
1409,1,1,0,1,0,1,0,1,1,0,0,+5,70,Once a week,Male
1410,1,1,0,1,0,0,1,1,0,0,0,+4,49,Once a year,Female
1411,1,1,0,1,1,1,1,1,0,0,0,+2,55,Once a year,Female
1412,0,0,0,1,1,1,1,0,0,0,0,-2,50,Every three months,Female
1413,1,1,0,1,0,1,1,1,0,0,0,+3,26,Once a month,Male
1414,0,1,0,1,0,1,1,0,0,0,1,-4,55,Once a year,Male
1415,0,1,0,1,1,1,0,1,1,0,1,-3,57,Every three months,Male
1416,0,1,0,1,1,1,1,0,0,0,0,-1,20,Once a month,Female
1417,1,1,0,1,0,1,0,1,1,1,0,+4,46,Once a month,Female
1418,0,0,0,1,1,1,1,0,0,0,1,-5,62,Never,Female
1419,0,1,0,1,1,1,1,0,0,0,1,0,59,Every three months,Female
1420,1,1,0,1,0,1,1,1,0,0,0,+3,53,Once a month,Female
1421,1,1,0,1,1,1,1,1,0,0,0,+3,57,Every three months,Female
1422,1,1,0,1,0,1,1,1,0,0,0,+1,59,Every three months,Female
1423,1,1,0,1,0,1,1,1,0,0,0,+3,41,Once a month,Male
1424,0,1,0,1,0,1,1,0,0,0,0,+1,36,Once a month,Male
1425,1,1,0,1,0,1,1,1,0,0,0,+4,57,Once a month,Male
1426,1,0,0,0,0,1,1,1,0,0,0,+5,33,Once a month,Female
1427,0,1,0,1,0,1,0,0,1,1,0,+3,38,Once a month,Female
1428,0,1,0,1,1,1,1,1,0,0,0,+1,37,Every three months,Male
1429,1,1,0,1,1,0,1,1,0,0,0,+4,25,More than once a week,Male
1430,0,1,0,1,1,1,1,0,1,0,1,-3,42,Once a week,Male
1431,1,1,0,1,0,1,0,1,1,0,0,+3,55,Every three months,Female
1432,0,1,0,1,1,1,1,0,0,0,0,+2,21,Once a week,Male
1433,0,0,0,0,0,0,0,0,1,0,1,-5,44,Once a year,Male
1434,1,1,0,1,1,1,1,1,0,0,1,+4,41,Once a week,Male
1435,0,1,0,1,1,1,1,0,0,0,1,-5,25,Never,Male
1436,1,1,0,1,1,1,0,1,1,0,0,+5,24,Once a month,Male
1437,1,1,0,1,0,1,1,1,0,1,0,+4,61,Every three months,Female
1438,1,1,0,1,1,1,0,1,1,0,0,+3,27,Once a month,Female
1439,1,1,1,1,1,0,1,1,0,1,1,+1,61,Once a month,Male
1440,1,1,0,0,0,1,1,1,0,0,0,+3,55,Once a month,Female
1441,1,1,0,1,1,1,0,1,1,0,0,+5,29,Once a week,Male
1442,1,1,0,0,1,1,1,1,0,0,0,+4,31,Once a month,Male
1443,1,1,0,1,0,1,1,1,0,0,0,+2,50,Once a year,Female
1444,0,1,0,1,1,1,1,0,0,1,0,-3,55,Never,Male
1445,0,1,0,1,1,1,1,1,0,0,1,+1,18,Once a month,Female
1446,1,1,0,1,1,1,1,1,0,1,0,+1,52,Every three months,Female
1447,0,1,0,1,1,0,0,1,1,0,0,0,43,Once a month,Male
1448,0,1,0,1,1,0,0,0,1,0,1,-5,47,Once a year,Male
1449,1,1,0,1,0,0,1,1,0,1,0,+2,36,Once a week,Female
1450,1,1,0,1,0,1,0,1,1,0,0,+3,52,Once a month,Female
1451,1,1,0,0,0,1,1,1,0,1,0,+4,41,Every three months,Male
1452,0,1,0,1,1,0,0,0,1,0,1,-3,30,Every three months,Male
